customer_guid,first_name,last_name,email,address
26fa5a49-5194-40eb-8faf-219c9fff831e,Arline,Jardine,ajardine0@vimeo.com,61635 Dawn Hill
708fcc04-e387-47e3-b85d-99ccd4e18320,Baillie,Pierri,bpierri1@people.com.cn,70540 Gerald Way
9a8ffa76-0280-4754-b75c-4de7508cdd67,Jenda,Print,jprint2@umn.edu,928 Bluestem Parkway
c5b4b822-2b59-435f-a697-6f1d4bbb0684,Lucia,Rhucroft,lrhucroft3@techcrunch.com,212 Schiller Pass
f266b61e-534f-483b-9f70-0029b7424aa8,Sybila,Valdes,svaldes4@google.com.au,2 Gateway Avenue
022d6000-b4da-412b-ba7c-cd0dbf868af9,Aguste,Magog,amagog5@newsvine.com,114 Rigney Parkway
ba396f19-e311-465e-8f67-413831da545a,Morse,Sheeran,msheeran6@goodreads.com,31352 6th Junction
fc8e71a1-9a8c-4bac-ae20-da6753b25442,Cherie,Bartunek,cbartunek7@yahoo.com,63367 Browning Junction
cd469a77-e9ea-4100-94dd-cfd6dd959a05,Orbadiah,Yeoland,oyeoland8@goo.ne.jp,48426 Westridge Court
3f74c2a1-ce1b-49f2-82b6-341e9203d77a,Godfry,Scritch,gscritch9@meetup.com,662 Warrior Crossing
4b7db612-8a2a-419a-a67a-0fa19bcd290a,Michael,M'Quharg,mmquharga@is.gd,2152 Carberry Place
90d5d6e2-a5f0-45cd-9a76-e9b1f2c84d02,Alissa,Barbey,abarbeyb@4shared.com,94348 Delaware Circle
b642f169-ed30-4ee4-aba8-e4b5216650fd,Chester,Faber,cfaberc@mlb.com,55 Veith Avenue
3fe9d5b1-97d9-4193-819c-2e93fd489435,Angie,Abramsky,aabramskyd@princeton.edu,76826 Toban Avenue
26f59741-4792-4d61-b7b3-6a697c25ec0b,Eleanora,Newband,enewbande@biblegateway.com,483 Heath Trail
60b35d65-177d-4808-9add-88f54b7be347,Kamila,Castagnier,kcastagnierf@wordpress.org,0039 Columbus Hill
801b8ac3-7025-42f5-b47b-37c8b1b058cb,Crosby,Delos,cdelosg@state.gov,318 Pearson Terrace
d82f6d39-bfcc-43eb-800c-1a597cd08e0d,Janelle,Blofield,jblofieldh@sina.com.cn,9522 Ohio Drive
388c1520-15a1-4d6d-8ffd-a332b069a26b,Jilli,Geistbeck,jgeistbecki@vimeo.com,57118 Thompson Court
c030bdb2-b5bf-46eb-abbe-61c5030815ac,Francyne,Brocklesby,fbrocklesbyj@huffingtonpost.com,3623 Meadow Ridge Crossing
4723ec76-ba30-4d6d-840a-d3f01ce57f26,Bernie,O' Shea,bosheak@eventbrite.com,9 Jenna Alley
960fed9f-3289-467b-afce-b7eec9a4399d,Monica,Rizzardi,mrizzardil@bbc.co.uk,0931 Parkside Junction
ee16552e-81ba-4750-8252-6a4f9206f2b0,Dena,Perkin,dperkinm@sciencedirect.com,1045 Trailsway Circle
caa9fcd7-bde6-48ab-b784-bdd1a75dbe04,Audra,Fiddeman,afiddemann@rediff.com,14 Elka Avenue
7f13178b-6d5b-444c-9930-1b6da7505071,Nanice,Tomaszek,ntomaszeko@who.int,2364 Harper Street
ef938c52-33a0-4514-aa79-0120cd0d6f82,Stanly,Roubert,sroubertp@ovh.net,7 Rieder Hill
2c0d800e-995e-4dda-bf26-dc18673cbd2f,Dawna,Rapinett,drapinettq@over-blog.com,50 Heffernan Point
372e4c25-420a-4ea4-9889-d2df3f01d276,Edythe,Gooch,egoochr@techcrunch.com,7292 Forest Way
00e2a060-85ee-4d59-89fb-aeb0bbdef287,Arvie,Joontjes,ajoontjess@alexa.com,75685 Merrick Way
33789e7a-71c4-4902-bf6f-d3a475c18da0,Farris,Girtin,fgirtint@loc.gov,4726 Sycamore Point
658070e2-f546-447c-9c27-6de3a8d3e2b1,Sile,Trewhela,strewhelau@unc.edu,1248 Lerdahl Road
ce220563-ccd7-45e8-a253-b0495485e358,Odilia,Vandenhoff,ovandenhoffv@buzzfeed.com,52 Quincy Plaza
3bd60252-bc9d-4ad1-b552-5ac2e3ceafba,Caria,Burhill,cburhillw@pen.io,5915 Goodland Junction
bad24e69-73cd-4137-b907-07ee9bd1fab5,Joyan,Shallo,jshallox@cloudflare.com,2 Namekagon Parkway
ca14a99b-2d64-4246-a8da-5727577a7503,Dyan,Joannic,djoannicy@youtu.be,45133 Saint Paul Circle
56bd2728-41cc-4cc5-b394-57bd9a208378,Erich,McAviy,emcaviyz@netlog.com,05 Weeping Birch Place
e3d951b0-8464-442a-846d-dc1920c21403,Barry,Brownbridge,bbrownbridge10@harvard.edu,198 Fulton Junction
88fe6dee-6bd9-4cc2-a170-d16d851f0c3d,Loise,Bloxsome,lbloxsome11@ifeng.com,95896 Sage Pass
f1c1c34c-6edb-492e-830e-2580e44b90bc,Tabbie,Monteath,tmonteath12@over-blog.com,90 Kensington Junction
59d563c8-f91e-49e3-8f53-481aa55cf75e,Lara,Meiklam,lmeiklam13@godaddy.com,593 Waywood Lane
93854c8a-8059-49b5-b53a-8e107a7ead92,Henriette,Downey,hdowney14@baidu.com,2 Golden Leaf Way
06360fe1-4e7c-43a0-819b-fafcb215b9c0,Allistir,McLese,amclese15@w3.org,1024 Trailsway Avenue
01f0fe5c-df9e-4058-b8dd-45897f3a3945,Chilton,Wing,cwing16@google.com,7 Graceland Center
0bfd0ae3-ba2d-4012-a4ab-c01881931ac8,Wilona,Gingles,wgingles17@geocities.com,6 Loeprich Alley
0ef7ef85-e547-40c4-a4bb-1a155b6775e8,Kali,Lipman,klipman18@people.com.cn,0 Bartelt Crossing
4583da30-f67d-456f-8fc8-a34938af1812,Selma,Springtorpe,sspringtorpe19@whitehouse.gov,058 Clyde Gallagher Park
a77a80e0-e420-47e5-b79e-a98270b6cdea,Putnem,Ferreras,pferreras1a@china.com.cn,9 Cardinal Lane
4673c05a-6e60-42b0-a5c7-a54160c9d4d4,Claudell,Kernes,ckernes1b@dailymotion.com,63 Hauk Parkway
027f3f54-57c7-4a6d-b9e8-74af78454b93,Darline,Reuble,dreuble1c@ameblo.jp,9592 Summerview Road
45d359a6-b0ba-42ec-b6df-3c84fed12c0f,Britney,Jeduch,bjeduch1d@senate.gov,0 Oriole Junction
5a89bb3e-1a9b-4441-a120-113b56d7efd0,Lilllie,Eastam,leastam1e@google.co.uk,092 Loeprich Junction
6eb63a2d-c202-489e-a768-cb75cdfe05dd,Curcio,MacArthur,cmacarthur1f@histats.com,21241 Londonderry Alley
bec907b1-d652-4ce2-8197-a04654ae7e4f,Diann,Rowe,drowe1g@salon.com,1976 Susan Center
b10fdb9d-a6b7-41b8-9ca0-130963d5dc09,Adelbert,Pickard,apickard1h@feedburner.com,449 Springs Avenue
55444c4c-77a9-493e-9e3f-147ea2eee1a4,Xever,Sked,xsked1i@wikispaces.com,2320 Haas Trail
af66d52d-9c00-4f60-9c5d-7e5a2c506faa,Mitchell,Lilleman,mlilleman1j@uol.com.br,981 Petterle Trail
6a6bc9fd-62e6-410b-b16e-9dc475f6f8f8,Franciska,Fairall,ffairall1k@nba.com,2 Miller Way
abf08aee-4c40-4fca-84dd-c7a9c7889e96,Del,Baud,dbaud1l@reuters.com,1 Acker Lane
695132ef-f53b-4d54-a5be-01b634469ccb,Benni,Yakolev,byakolev1m@oakley.com,4 Judy Drive
a092dd2a-7232-43b6-bca1-71b9d2534ad5,Preston,Brindle,pbrindle1n@sina.com.cn,6 Carey Lane
dd213730-e771-490f-b913-229812dcee03,Richart,Pointer,rpointer1o@un.org,239 Schmedeman Center
2b3ce937-9491-4db2-b0f0-bc2ec00e48bb,Dallas,Gallacher,dgallacher1p@ning.com,579 Annamark Road
d7567946-b090-49d2-92fb-a349f83d61c8,Janessa,O'Sheilds,josheilds1q@livejournal.com,196 Bobwhite Plaza
cdbca33d-5163-40ba-b5de-40f4bcde0ab0,Denney,Blaisdale,dblaisdale1r@jigsy.com,73540 Gateway Street
51e799c0-5e16-4064-9184-7af03e35b51b,Kristy,Geyton,kgeyton1s@pagesperso-orange.fr,0 Waxwing Park
f2c970dd-4eb1-4e94-b4f0-a64a4bf22eec,Paco,Addy,paddy1t@cmu.edu,23 Messerschmidt Street
40e25e13-1233-41c3-8d8a-1027d960f337,Laural,Gradwell,lgradwell1u@google.com.br,2 Sommers Court
e62b8537-badc-4d15-818f-223475e48638,Krisha,Coat,kcoat1v@dell.com,0 Merchant Street
8b2ad548-48f4-429c-8b74-c2131cd1b076,Cristin,Linkie,clinkie1w@cbslocal.com,6 Riverside Place
da1c2329-3266-4b69-8c86-b5a441e35716,Nikos,Streeting,nstreeting1x@senate.gov,9267 Ronald Regan Lane
b72d3e4f-40fd-45d8-9aaf-f90b3a03a5fe,Dasie,MacCrachen,dmaccrachen1y@prnewswire.com,277 Magdeline Park
1c626561-36f0-4a3d-854d-2139ae4d8f4c,Jamie,Balmadier,jbalmadier1z@ucoz.com,9287 Jana Terrace
dd14d3e8-82c1-46aa-91c3-f1f7d7203211,Ansley,Yewdall,ayewdall20@nationalgeographic.com,72396 Village Green Park
8de8c803-f6b9-448a-b778-aa7d675dc6db,Emmye,Mitchelhill,emitchelhill21@ocn.ne.jp,60553 Fremont Trail
8e748dbf-614a-4aa6-bef6-b5c36aab9006,Jaimie,Mellows,jmellows22@springer.com,3623 Northridge Court
6d3f6e27-26aa-4683-8882-a6e910c6347f,Jeralee,Drynan,jdrynan23@columbia.edu,97 Center Way
36f72235-692d-4684-b32a-6fbbc7a8536b,Jarib,Bielefeld,jbielefeld24@cocolog-nifty.com,4 Mallory Court
cc29cb10-958a-4550-a94d-671249d5f6f0,Jorey,Bengough,jbengough25@zdnet.com,59 Cascade Street
6469b586-c682-4ec4-95ef-22805fc2d4cc,Ezra,Dymocke,edymocke26@friendfeed.com,40 Cody Lane
b7573ae6-621c-4d0b-a566-7cc88230994f,Salome,Hiddsley,shiddsley27@guardian.co.uk,15963 Moland Alley
45262522-3f8e-4fac-83d4-6cfeaf0ae593,Avery,Costy,acosty28@instagram.com,06 Straubel Park
5b488fd0-fac9-4091-9131-03b3e61dac69,Bernetta,Boffey,bboffey29@auda.org.au,230 Hovde Plaza
e441087b-2071-4cf9-a734-2a7167b38de7,Camille,Breese,cbreese2a@booking.com,827 Dorton Crossing
26582cad-47c8-4764-a46b-8c4acbdee15a,Abbe,Mellody,amellody2b@youtube.com,4 Glendale Avenue
3fbcc1a0-8e6b-4cc2-9994-5abe2528e3a5,Hayley,Booton,hbooton2c@alexa.com,216 Springview Way
2bb4a810-7f61-4202-a581-bcb8a5a7602e,Devina,Farquar,dfarquar2d@bbc.co.uk,77403 Blaine Crossing
3227e057-a485-49e8-8b23-fd8b7e97cefd,Cozmo,Thiolier,cthiolier2e@twitpic.com,65322 Bultman Junction
d1477762-0e2f-40a4-adaf-0dc1f2264f69,Paolina,Paliser,ppaliser2f@pinterest.com,51 Prairieview Avenue
e4879dbb-38ad-4dde-a6ee-4e16d9ba3faa,Whittaker,Scay,wscay2g@sfgate.com,08 Trailsway Center
96004501-2924-43bd-a0f3-54c7451d336d,Paola,Quinton,pquinton2h@webnode.com,9542 Cherokee Junction
4bec0399-f087-4891-9964-9d53db9366c9,Ianthe,Delahunty,idelahunty2i@wix.com,516 Butterfield Avenue
5f801277-f20d-40b8-aaf2-c1e907875ed2,Court,Petrello,cpetrello2j@opensource.org,677 Calypso Junction
251220f6-afd2-4069-8e6b-4797cba54205,Kane,Coffey,kcoffey2k@stumbleupon.com,5430 Lindbergh Point
513a6933-0ae5-4465-be65-0758da8872f1,Chic,Moorfield,cmoorfield2l@usa.gov,8594 Ridge Oak Road
df1d3018-79a7-47c1-9189-2ac3a9c74765,Brok,Spiaggia,bspiaggia2m@tiny.cc,046 Victoria Terrace
a2f0b2de-ed78-477b-83e6-e6e56344b399,Pamella,Barnewelle,pbarnewelle2n@merriam-webster.com,71 Lerdahl Terrace
9566ed19-c181-4032-a934-7b469193887f,Andeee,Fivey,afivey2o@springer.com,48 Scott Alley
2975fedc-e527-4e18-96a1-292a8e40de65,Estrella,Jordine,ejordine2p@globo.com,0605 Bashford Center
9482aa95-1185-4fbe-88e2-822dda49f865,Sydney,Filtness,sfiltness2q@google.fr,062 Marcy Circle
7bb17ef0-323b-4b46-9ad2-403e7179f4bc,Keeley,Hudspith,khudspith2r@tinypic.com,696 Graedel Road
e054d6b7-a427-4359-84e2-eb0b3c176027,Tildy,Gethyn,tgethyn2s@artisteer.com,2 Lotheville Point
f596169f-fdfd-4f5f-acfa-f7fce3df375e,Blake,Coultass,bcoultass2t@house.gov,072 Loftsgordon Parkway
7af27387-ed05-46c0-9b24-1b0920ff8800,Ingrid,Carmo,icarmo2u@psu.edu,92377 Vahlen Avenue
c2dcf14f-fa38-4ffb-acbb-ad56cb2e1ec5,Emmalee,Swann,eswann2v@addtoany.com,521 Mandrake Point
45758af7-b70b-47c4-91cf-cadd03159e28,Hasty,Danilovitch,hdanilovitch2w@squidoo.com,2430 Hazelcrest Lane
db23da38-bf7a-434d-986b-c5d23cf75fde,Agustin,Frostdicke,afrostdicke2x@princeton.edu,8 Darwin Crossing
976fa9fb-2dce-415a-bfc2-bb6cdb68a240,Petrina,Bendin,pbendin2y@trellian.com,12996 Brown Place
52d975ec-ece1-48ab-898a-5ff982597b82,Nealy,Burnall,nburnall2z@microsoft.com,78 Haas Road
358700ab-fccc-4706-9a5c-ee0d3e0419c2,Mic,Habbon,mhabbon30@umn.edu,86 Vera Crossing
98dda583-5f94-45ae-8472-e07c8ba522a4,Thaddeus,Kirman,tkirman31@mapy.cz,23822 Pepper Wood Road
3977b23b-4626-4d66-91f9-6be661d3cdaa,Lenard,McManamon,lmcmanamon32@rambler.ru,89010 Vidon Crossing
a24ce80a-077d-4e70-a1d8-a6b5d37d73ac,Jase,Ganford,jganford33@pbs.org,88721 Talmadge Center
43313fc2-47f5-4097-850d-ffea1222173f,Dalis,Oloshkin,doloshkin34@cargocollective.com,5 6th Parkway
2eebc2aa-3175-4662-bbd0-e89625321745,Tuckie,Seelbach,tseelbach35@delicious.com,74244 American Way
862f0466-94a7-43c8-9559-0a5a228c6744,Arv,Dooman,adooman36@apache.org,911 Cherokee Parkway
ff00e139-6e2f-4c82-9724-cc0f39f6965c,Andeee,Shyres,ashyres37@harvard.edu,3 David Court
c6333639-ca7c-47b4-b344-5aa065a75add,Evangelina,Falkus,efalkus38@diigo.com,276 Kennedy Plaza
5f417036-ba7e-4ef0-adc3-51b7c0fc503c,Alene,Barradell,abarradell39@sphinn.com,02 Petterle Hill
fd9a560a-6e3f-4321-b8a4-c185ad96216a,Serge,Eathorne,seathorne3a@rakuten.co.jp,8 Burrows Avenue
7ac378e7-4542-4806-b69a-50a9b047a414,Grover,Carlan,gcarlan3b@reuters.com,229 Reindahl Parkway
51ec80b1-1474-4bd1-9112-4c74a0f4b3df,Jessika,Beininck,jbeininck3c@answers.com,97006 Mayer Circle
f2bf888a-9ec4-4bfc-a37e-327c04396ffb,Ryon,Mallatratt,rmallatratt3d@bloomberg.com,6 Cambridge Way
5c8ece49-41e9-42dd-83a7-36de55e93569,Petrina,Gronauer,pgronauer3e@cmu.edu,520 Westerfield Place
66557517-1f93-4ffe-b787-63fab30f0e1d,Gianni,Duffield,gduffield3f@un.org,3151 Spenser Avenue
4191dd5e-c25d-4984-8276-86995ac9bdef,Homer,Henryson,hhenryson3g@sitemeter.com,5567 Ludington Circle
700fd450-ec69-4ae1-8864-8f58475252b9,Tate,Ferrand,tferrand3h@prweb.com,15 Miller Center
16373123-b4dc-4ca8-89ca-6738de94f9b2,Franky,Tolmie,ftolmie3i@npr.org,24352 John Wall Court
18143452-5926-4d19-8302-2c7f9515149e,Husain,Steane,hsteane3j@wufoo.com,8 Packers Place
2438d817-0a68-4df0-ab98-2d0186dcd079,Hildegarde,Blanchette,hblanchette3k@discuz.net,84784 Randy Alley
41c72160-fece-4ff7-9938-c4ea64c4e9e8,Lucie,Braniff,lbraniff3l@odnoklassniki.ru,004 Autumn Leaf Alley
d48533f2-6b93-47c7-ba07-fa1442ad8b0a,Amabel,Lantiffe,alantiffe3m@elpais.com,305 Namekagon Pass
102f2d7c-76fa-4418-8923-15b188fb4acf,Fredek,Bogue,fbogue3n@ifeng.com,57468 Ridgeview Road
f0ab88d2-cdbe-47df-a6e5-75b50a9c2342,Innis,Litton,ilitton3o@cafepress.com,6456 Lotheville Avenue
9ad42c35-d838-44d8-8c31-734e6b5153d4,Rosanna,Petrello,rpetrello3p@shutterfly.com,5 Muir Parkway
9c014612-c45f-45b9-8419-22979b44cf31,Craggy,MacGiolla,cmacgiolla3q@fastcompany.com,7763 Duke Drive
1feb58b3-83d7-476d-8509-b057c7e7d449,Luciana,Morehall,lmorehall3r@goo.gl,4 Bluejay Crossing
32c7a7c3-84c6-4bbd-b917-2e00ffa8de90,Catherine,Gregori,cgregori3s@sphinn.com,48 Meadow Ridge Park
34b32b29-f608-4f5a-bc4f-4a95e73872c3,Annora,Burfoot,aburfoot3t@wikipedia.org,64 Arrowood Street
1ba75bf9-8cfb-45fc-bdbb-bed8456ca665,Carmine,Paradin,cparadin3u@fc2.com,65 Anhalt Point
3a68a38f-3c4f-49d8-8496-44de3e1dc936,Gallard,Marran,gmarran3v@google.co.uk,7 Bayside Crossing
63c95bda-9941-4288-a794-b81e272b92d6,Mylo,MacLennan,mmaclennan3w@booking.com,5 Kropf Drive
ac6e69fa-37d6-4061-a410-629a732a31ec,Donna,Petyankin,dpetyankin3x@comsenz.com,05 Cherokee Point
7047419c-d047-46c7-9cd9-6e7fabdc544e,Chad,Cluett,ccluett3y@behance.net,0959 Independence Crossing
4f8ac2d4-229d-4d01-b799-016ae13977a9,Glad,Hanalan,ghanalan3z@woothemes.com,4 Green Ridge Plaza
d00b353b-3acf-4217-970b-5166f2da2a2f,Josie,Faughny,jfaughny40@ezinearticles.com,98523 Petterle Park
673a58da-7747-407c-b1f6-d10fed943888,Worthy,Ledram,wledram41@purevolume.com,17062 Continental Point
a1a720fa-47d9-4266-b438-53bd43dc8097,Jodie,Rubinowicz,jrubinowicz42@ucoz.ru,076 Village Way
8920a2ee-33f9-4c05-b5b1-70f005d7e855,Jozef,Boor,jboor43@yale.edu,925 Linden Court
d871740b-c07d-42dd-972d-d0609462d18f,Erick,Boorn,eboorn44@seesaa.net,1 Hoffman Crossing
fbd50006-be59-4ae1-9152-6ed07763d0e2,Maurits,Novotne,mnovotne45@engadget.com,4154 Pleasure Street
cf409bbb-e245-424e-856e-13d93cbfd32b,Tobe,Cogzell,tcogzell46@imgur.com,760 Killdeer Trail
e7a56644-0f4f-4afd-965e-1ed57cf12492,Desiree,Delap,ddelap47@wsj.com,363 Monterey Way
10d89c45-e77b-4414-97d6-d6276431a372,Arleta,Hardwick,ahardwick48@jimdo.com,17535 Atwood Lane
e36f00e2-046a-4489-838a-7fd71cdd1a89,Greggory,Feehery,gfeehery49@usda.gov,69232 John Wall Junction
8fb2e8a3-c8c6-4ea3-a888-8ebcefb22b92,Gianina,Huyton,ghuyton4a@goo.ne.jp,8745 Arapahoe Avenue
3f430626-b59f-43d8-9c0b-a599b012bc3a,Elsi,Monketon,emonketon4b@who.int,40 Columbus Crossing
df035748-69f5-4e17-9733-3deec5d4f000,Prissie,Penlington,ppenlington4c@yale.edu,65 Independence Crossing
4dc32a68-8849-4020-9755-dcf6436341e6,Antoinette,Pardoe,apardoe4d@deviantart.com,8352 Badeau Hill
9ac2986f-b245-43f4-837e-64ad57993f1a,Sinclare,Galer,sgaler4e@google.co.uk,20113 Swallow Plaza
422607cc-7eb1-42e1-bb37-ef33d192cd69,Quinta,De Moreno,qdemoreno4f@chicagotribune.com,7891 Kipling Circle
e85fc1ca-383c-4b5d-9d9f-bda60cb55120,Sabine,Soldan,ssoldan4g@ftc.gov,6187 Drewry Terrace
eebf0b0f-b44d-455d-a733-1e39051f7f01,Stacey,Balden,sbalden4h@pbs.org,71059 Everett Avenue
124b2c2d-1184-4253-936e-4d01310bb4e2,Carmon,Ligoe,cligoe4i@quantcast.com,6 Karstens Alley
b35bc2f0-a12d-4597-8745-407e2bc5f0b3,Roselia,Badrock,rbadrock4j@opensource.org,2 Wayridge Junction
6d4ae00b-8f3e-49de-a14b-4365bee94870,Margi,Petrolli,mpetrolli4k@go.com,3875 Tony Lane
e1339967-f4e2-4372-9569-08c49ffcc3d3,Nanete,Kewley,nkewley4l@msu.edu,19 Myrtle Circle
78dab83d-039a-4fbf-84a7-5e1c2548ca08,Bertram,Beattie,bbeattie4m@admin.ch,82 Carey Trail
c178212f-3751-449e-83ee-e5c9320f97fd,Morten,MacColgan,mmaccolgan4n@creativecommons.org,42 Longview Terrace
a68c6991-13a6-4e37-9973-1e2d7be6bbba,Arabelle,Trobey,atrobey4o@shop-pro.jp,8526 Waubesa Parkway
532036b1-6e29-4f8b-a5f1-af8446131b8d,Jennifer,Seller,jseller4p@fotki.com,13 Grim Lane
0dcf738b-7348-43ae-9f80-96170d3f9db4,Chris,Gunn,cgunn4q@epa.gov,359 Ryan Pass
33bb843e-6fa3-4386-9904-ae7348acd77b,Armand,Yoakley,ayoakley4r@forbes.com,54762 Cody Center
4b2dcba0-dbf6-4c1f-b4ee-5085b4f52bf5,Lenore,Beardon,lbeardon4s@skyrock.com,8 Mockingbird Center
3619d6e7-39a3-40c2-8687-dd0f0b227ede,Meredithe,Emanuelov,memanuelov4t@vinaora.com,86 Farmco Point
f86d65e1-ca92-428f-abfb-627ff0d4a83a,Artus,Penhaligon,apenhaligon4u@wix.com,6110 Spohn Hill
7574f245-6566-481c-90c1-7828211430e7,Nathan,Chainey,nchainey4v@buzzfeed.com,72650 Havey Road
656d4a88-773d-4610-a3b7-254e6f581666,Edgard,Bartolomieu,ebartolomieu4w@ifeng.com,3 Oneill Trail
4814160f-6ab1-43b2-b44e-cdbfb5340d70,Juliane,Wareing,jwareing4x@aol.com,686 Springs Circle
b059c645-b67f-4fab-ac3c-e76f8e45bf2e,Vin,Brane,vbrane4y@barnesandnoble.com,1809 Farwell Avenue
ac6d0814-500e-41e9-8ce3-1bf72bbce02e,Homer,Sancraft,hsancraft4z@networkadvertising.org,3410 Meadow Vale Way
ccf6d341-402f-443f-ba9c-9d45dbfa123b,Brittani,Champe,bchampe50@gov.uk,54276 Farwell Park
8055830e-363e-49ac-acba-bfa7728302dc,Alphonse,Coggings,acoggings51@joomla.org,137 Londonderry Junction
c24c4d07-4889-4b1e-9d3d-6d772149d82a,Frasquito,Martill,fmartill52@state.gov,356 Schiller Center
43ce79cb-eff7-4111-9f81-8fac3866e19d,Kingston,Candlish,kcandlish53@webs.com,124 Butternut Lane
04d71674-ba58-425d-9955-fe85514200f2,Mano,O'Connell,moconnell54@yellowpages.com,85 Arapahoe Place
818dfd09-e2b3-4ba4-ae00-a526ce4fd79f,Neil,Stannah,nstannah55@furl.net,415 Paget Plaza
e9e6e59d-fc1d-4a51-97a8-7bbae312352d,Patten,Bibby,pbibby56@zimbio.com,8107 Kinsman Place
d11cdc51-78cb-4915-a49f-ab8144100d12,Arleta,Matyushkin,amatyushkin57@amazon.co.uk,7123 Declaration Court
ccc5348b-d090-4852-baad-8a708cde87dc,Alon,Taylo,ataylo58@yelp.com,4414 Westport Way
b3b2876c-a0f7-4879-b40a-37e5b6989fd9,Merla,Gavagan,mgavagan59@dion.ne.jp,5 Iowa Alley
27c27e28-3331-4073-b715-208bee939052,Evvy,Florio,eflorio5a@ehow.com,898 Arapahoe Avenue
9faea5db-8d52-44bb-aaa3-9b0c60c0b66b,Ronny,Thorby,rthorby5b@about.me,89738 Scoville Road
69cf321a-bb43-4dba-91b0-fa0718d55c9a,Myca,Ennor,mennor5c@indiegogo.com,515 Carpenter Place
2c763395-e2b0-4721-ba41-96b617384218,Paul,Anmore,panmore5d@netlog.com,15 Fieldstone Circle
bfcc5a24-4012-44f1-b327-acb9ff0e00db,Appolonia,Pendrid,apendrid5e@bizjournals.com,34792 Huxley Lane
661dcef4-d685-40c1-9728-b0b2b758dcb7,Susy,Clarae,sclarae5f@businessweek.com,42 Bartelt Drive
7c42c352-81f7-4fee-9c64-a0b4d3f450b5,Micki,Dionsetto,mdionsetto5g@xinhuanet.com,3 Manufacturers Park
a16668de-4e72-4210-8b74-57f16f9e0522,Octavius,Christofor,ochristofor5h@columbia.edu,82 Artisan Plaza
cbc173c9-c3b5-4bb7-961c-512f40056eeb,Egbert,Fanton,efanton5i@nymag.com,54 Annamark Road
3f2d58dd-73c0-439f-8209-e6991e778bb6,Billy,Rankcom,brankcom5j@upenn.edu,148 Novick Alley
81eef131-4b3a-4206-bfe7-07f49f59682d,Quintin,Paolinelli,qpaolinelli5k@oakley.com,0 Buhler Circle
ad1ec23d-690a-4791-8479-4fde8e00f576,Monte,Delafoy,mdelafoy5l@naver.com,04 Sloan Pass
70ff3bd7-488d-400a-a1f4-f883e33690ed,Bertina,Palister,bpalister5m@nih.gov,66943 Heffernan Center
29b80eab-5de8-4fd6-a922-e14611bceb86,Emmeline,Spore,espore5n@dion.ne.jp,995 Mandrake Lane
50c838bd-b22e-479a-80a3-7b70f647e549,Eunice,Outram,eoutram5o@samsung.com,8 Scott Point
cd88083e-8af0-45d2-9073-5ff255d1d643,Eduino,Streeton,estreeton5p@creativecommons.org,740 Stephen Lane
64fe4d35-c22b-4369-b4ce-25dc3c48f9e2,Zsa zsa,Davidy,zdavidy5q@google.co.jp,84 Kensington Trail
086eaaa3-8536-4941-8ea3-be030f3dbbec,Delia,Simson,dsimson5r@bloomberg.com,7577 Bunker Hill Trail
ce62d016-99ed-43e2-93c7-4a40850e0396,Kalvin,Kardos,kkardos5s@facebook.com,29541 Fuller Lane
c04db8c1-5727-4dbc-a9fc-f5505c7d0158,Babita,McComas,bmccomas5t@unesco.org,51107 Melrose Trail
2c08ff83-60d7-48c7-b3fa-ab30a2718c04,Iver,Yeandel,iyeandel5u@apache.org,83 Farmco Point
d3d4fb41-c536-40f7-a9e6-93711d76720d,Gillie,Terzza,gterzza5v@thetimes.co.uk,95092 Parkside Pass
45f8f79c-8dd7-43ff-9c98-29b150ec2630,Shanda,Wallen,swallen5w@guardian.co.uk,4092 Eagle Crest Crossing
4d0e3daa-c5c3-4ba3-9c28-6ace0e4a75ac,Larina,Twigg,ltwigg5x@is.gd,9 Badeau Park
d81bb109-72e3-4b5d-94a5-02acc8059233,Derick,Gorrie,dgorrie5y@sina.com.cn,5936 Victoria Hill
66da334f-29cb-498b-b18e-c7f3ba4d910c,Philippa,Blowing,pblowing5z@dot.gov,11 Bartillon Street
099a63db-9501-4067-9fbe-6134e633b60e,Halsy,Dible,hdible60@miitbeian.gov.cn,4 Morrow Place
e69b096a-cbc5-4e68-82d1-b4545e26b6d0,Tatiana,Fereday,tfereday61@sphinn.com,30750 Vermont Court
3c601fbf-ba8c-485f-8c7e-a75fecd4a371,Wolfgang,Seczyk,wseczyk62@netvibes.com,8151 Jenna Circle
02b3f8f7-9062-456b-a5d0-691f35ed9360,Horst,Grice,hgrice63@guardian.co.uk,346 Heffernan Plaza
9e5c3ca8-baaa-4dcd-b30c-c77c809cd6d8,Grata,Stuke,gstuke64@msn.com,99964 Armistice Junction
471c0c9f-8865-4d73-9707-dead1dfce926,Binky,Clendennen,bclendennen65@craigslist.org,8306 Summit Pass
d7f7d949-cfa4-457a-ae7b-73ed18973ebd,Flossi,O'Harney,foharney66@ucoz.ru,4505 Golf Course Street
3abeddab-dfbd-44f8-b79b-14176dd44f39,Andrei,Rodda,arodda67@zimbio.com,42021 Village Parkway
818848fb-73d6-4491-89fc-77fe2bba6a3b,Meridith,Greenroa,mgreenroa68@quantcast.com,0159 Carpenter Alley
8fa38f33-48cf-415e-a0db-56a3e61ca8ee,Katharine,Hinemoor,khinemoor69@chron.com,73 Bowman Park
8ad553de-c525-4a40-bbb6-e0f31b748e75,Linn,Nottingham,lnottingham6a@chronoengine.com,761 8th Road
5fbb0052-bd88-496d-9bc4-a63a1a6cc624,Dolores,Monk,dmonk6b@walmart.com,2 Melby Point
944173aa-8960-435f-a409-531206410b9a,Drucill,Roberto,droberto6c@list-manage.com,81 Rowland Pass
02d62554-3e60-4ef8-a760-b2c75a148570,Frank,McTeggart,fmcteggart6d@shareasale.com,185 Oriole Alley
693acaf7-1584-4e74-8306-b0f0b4265ede,Paul,Phaup,pphaup6e@google.cn,33 Trailsway Junction
f750334d-6a10-4622-a7a5-9efd9c6557d1,Haze,Grimestone,hgrimestone6f@goodreads.com,9492 Kingsford Junction
21dec4f8-78d6-48f5-89bb-eec6d3120e8e,Sterling,Paler,spaler6g@google.com.au,36114 Division Drive
08a69cc7-182f-4b5a-ae81-8de047f2cef7,Fianna,Andrivel,fandrivel6h@people.com.cn,54385 Pankratz Crossing
2140c5ae-60ae-4dc5-a182-6746264fc0bd,Bay,Alesi,balesi6i@businesswire.com,74194 Anderson Hill
bb28ed35-1ba2-44e2-80d5-39e69b80c425,Yule,Dumper,ydumper6j@ehow.com,95570 Drewry Trail
21ecc2a2-1970-4a3f-8f54-ba16f3f4e86c,Angil,Neary,aneary6k@pcworld.com,5175 Bultman Avenue
58de7ed2-7472-4e5a-b743-67f7d52fd858,Anabella,Bembrigg,abembrigg6l@dropbox.com,58281 Declaration Avenue
297fc78f-4711-4f90-8d80-4f009df2fa23,Avrit,Powis,apowis6m@netscape.com,07847 Ronald Regan Pass
6ca91aaf-6080-4488-9c5b-361be63602fa,Sadella,Yackiminie,syackiminie6n@a8.net,2190 Manitowish Crossing
70e699a9-60c0-4930-89d6-20a0ec00c600,Pinchas,Riding,priding6o@privacy.gov.au,62 Meadow Valley Court
a7c405d9-bb63-451e-9cf1-1e5ef14e89c4,Melvin,Pasfield,mpasfield6p@geocities.jp,93609 Stone Corner Way
c805bc01-4890-42f0-8f8c-55c60b89f569,Renato,Ciccotto,rciccotto6q@diigo.com,432 Fulton Place
a01a0233-7af1-4cab-ba56-1db4ef3a2f28,Sydelle,Prester,sprester6r@wsj.com,8 Lerdahl Circle
53dbea1e-23c3-404f-9aea-40c94388aa83,Oona,Sisland,osisland6s@alibaba.com,2 Merry Point
f3d5c8be-8c9d-49d0-b49a-160aec0435f6,Davide,Labrenz,dlabrenz6t@meetup.com,2 Green Drive
fb5aa3dd-aecd-4723-b0d1-55fdf9e66510,Cammy,Pinar,cpinar6u@hatena.ne.jp,2959 Aberg Road
7182b424-20bf-44ba-9a33-d0ec1bf12061,Moselle,Blincko,mblincko6v@usa.gov,4 Debs Way
86a71537-18b6-4590-ad56-ff21cf22a1aa,Nicholas,Tuffell,ntuffell6w@springer.com,792 Donald Parkway
68d24598-7051-4b5a-8584-3880809f6629,Alyss,Emtage,aemtage6x@google.ca,685 North Avenue
1413b5e4-2e50-4bf8-9029-12a0b0728c5b,Nial,Tice,ntice6y@hostgator.com,8211 Rusk Center
f2ded21f-0c6d-4ad9-a97e-c6a13e7a8645,Eb,Mabson,emabson6z@csmonitor.com,51273 Memorial Place
4cd476e9-15f1-4591-b841-f6dad490fad2,Petey,Beeson,pbeeson70@google.fr,239 Service Park
73313be2-339a-4938-bfea-b84829289f7e,Michel,Morrice,mmorrice71@uiuc.edu,781 Aberg Street
09e0dd7b-8f08-4eaa-946b-c1dd43689424,Ilsa,Elgar,ielgar72@google.co.uk,16 Lakewood Gardens Way
cc71a798-7c1f-49f3-9f5c-ff4c572c515e,Hermann,Crowden,hcrowden73@addtoany.com,3637 Homewood Terrace
f01107fe-fbb5-40d3-8d7f-0a48e90877a3,Gracie,Valiant,gvaliant74@geocities.jp,1 Darwin Avenue
b63e48db-c09a-45e0-9e7d-954e8662b9aa,Tadio,MacLaverty,tmaclaverty75@surveymonkey.com,8 Waywood Road
852c84d2-3873-45a9-9c8e-37dfb3c55807,Simone,Schowenburg,sschowenburg76@freewebs.com,1 Fordem Lane
50f4dff6-8d91-4a51-90d1-c61bcdc5b849,Shelli,D'Souza,sdsouza77@4shared.com,20093 Butternut Circle
e67c8ea3-ec1a-4af9-a81b-8791c37e547d,Abbott,Mussington,amussington78@wisc.edu,26 Clemons Parkway
58bb4f72-e40b-4653-b089-16391edd4720,Alano,Swinden,aswinden79@netscape.com,8904 Sunfield Trail
954eedc5-bc71-49cd-8881-6b67e2108e1e,Cahra,Dey,cdey7a@google.cn,1 Parkside Place
a9b66a5f-3498-4c10-aad9-cd7dd5c49a6f,Ross,Capenor,rcapenor7b@vistaprint.com,5620 Rutledge Crossing
4c240259-03e8-48b0-bc21-b5a0c2e1df7d,Sadie,Sive,ssive7c@blog.com,4 Bayside Street
6608fdb8-a258-46a3-b25e-0f11d5563a4b,Miltie,Klampt,mklampt7d@wordpress.org,741 Nelson Hill
38e36800-f16c-4096-82a3-545d1de15a60,Trent,Gaspar,tgaspar7e@miitbeian.gov.cn,8 Kipling Center
29132135-63b2-4102-931c-e6b82b17fbcc,Latrina,Monday,lmonday7f@google.it,5241 Ryan Junction
f3f62f34-1c33-4e10-8506-af50922b8414,Guillermo,Proom,gproom7g@ebay.com,3 Caliangt Street
6ddd58a6-81f2-4f73-a0fe-ed0de66976a9,Borden,Tregensoe,btregensoe7h@techcrunch.com,0 Columbus Junction
d21cb9dd-c1f4-4a63-9f57-f1ce9c5d8e2e,Dougy,Pinckney,dpinckney7i@ow.ly,213 Hovde Pass
058f23ea-72cd-4a16-90e9-7a953676b04f,Alyse,Freyne,afreyne7j@is.gd,96359 Express Court
73eb8324-ef4c-4de2-93ac-dc1cfaf53828,Sunny,Celand,sceland7k@phoca.cz,2 Hoepker Lane
f18aca12-8afc-409b-ac3e-fcbb93f468cd,Caron,Winskill,cwinskill7l@usnews.com,8 Dakota Point
e08435a6-52bc-4b28-9c25-b5a97f218264,Giacobo,Smyth,gsmyth7m@census.gov,1462 Kenwood Junction
6d97a75e-d725-47d2-846f-d17ca5e0f23f,Petronille,Sickamore,psickamore7n@163.com,14945 Carey Road
af919095-bfcf-4e5c-98e2-19f4102c6f23,Tobie,Kubacki,tkubacki7o@smugmug.com,27 Evergreen Drive
d09fd3a9-7191-4ce9-99da-4f8ee8ddcbc0,Kienan,Strafen,kstrafen7p@blinklist.com,3509 Oriole Pass
d5faf977-d981-4d5a-8d77-5dfc4dc3a621,Silvie,Jendrys,sjendrys7q@e-recht24.de,4645 Lake View Alley
4229f481-3f9a-4c20-ab9e-ac95dafad06b,Skye,Gepheart,sgepheart7r@sitemeter.com,81 Caliangt Center
bbf4d5ba-35e9-4a59-acdb-e51d18181f53,Izzy,Crowther,icrowther7s@istockphoto.com,5 Crownhardt Point
d0c01173-01a3-4726-9704-2badcf386e5e,Ives,Pohlke,ipohlke7t@cnn.com,68205 Ryan Court
ea74df7a-4e77-48d4-ac53-ce16fc3a3d71,Esme,McAndrew,emcandrew7u@time.com,2661 Mccormick Terrace
bb430ba0-e4e9-4eda-a66e-15f1ff9e6b0e,Merwin,Dani,mdani7v@youtube.com,76911 Sommers Way
26b9f980-a70c-4377-9b60-c29970d47b77,Rosanne,Vesty,rvesty7w@aboutads.info,189 Sutherland Road
217fbe0a-8c7c-477e-8c72-f0757727b6bc,Charmion,Pykerman,cpykerman7x@free.fr,1 Birchwood Street
7ab91add-689a-4674-8324-7030cc30da56,Zak,Purslow,zpurslow7y@webnode.com,8991 Hudson Drive
2117a0a8-ae95-4dc3-ae00-6db328f926d3,Rossie,McLleese,rmclleese7z@goodreads.com,217 Schiller Circle
a43e9d27-deaf-4fba-b50e-e76cdaf33930,Gerrilee,Taberer,gtaberer80@jalbum.net,9 Banding Plaza
7f78b59b-25b6-41be-9f1b-538b013c3f35,Lyle,Steart,lsteart81@themeforest.net,198 Banding Drive
badbe577-2cd2-45aa-b527-1f395996d2d2,Maybelle,Petteford,mpetteford82@vistaprint.com,20 Southridge Road
71e226ef-0c6c-4a42-b1b5-a06a4ea50fea,Steffane,Coat,scoat83@lycos.com,51 Mandrake Pass
844333a9-fb6d-40b8-b280-6376731440f8,Towney,Puzey,tpuzey84@newsvine.com,0 Morrow Plaza
d5e2cd1c-3940-4b36-b9fb-4b6d37d3aa46,Reginald,Coping,rcoping85@senate.gov,981 Thierer Street
a443215f-3d40-448d-9bf1-f46d67b46f4b,Blondie,Knivett,bknivett86@123-reg.co.uk,8 Caliangt Terrace
60874a76-7c80-4a56-b686-3cec3bb5995e,Theodoric,Gallatly,tgallatly87@bbb.org,9691 Scofield Parkway
4577beb3-d1c2-4728-9c9d-95830b15825e,Ellerey,Trickett,etrickett88@parallels.com,05 Mandrake Drive
61067cf3-3c6b-459e-90d4-3bdc2c1fee69,Sheppard,Bettaney,sbettaney89@bloglovin.com,67 Bunting Pass
bc6be985-a8c9-4136-868a-8b2e7103544a,Noelani,Burch,nburch8a@pagesperso-orange.fr,0 Eastlawn Drive
4dff10cb-b168-421a-b315-b251d6691e62,Cory,Craise,ccraise8b@ifeng.com,2517 Pennsylvania Lane
678cad13-9b35-4188-be8f-f6f76cb9f93d,Heather,Blankhorn,hblankhorn8c@apache.org,8 Northfield Junction
7b212707-6e67-4659-9813-3202a0ed6487,Brandise,Leathes,bleathes8d@amazon.de,49 Drewry Road
740547a4-0bdd-48e5-aac3-f003bc9eb433,Ange,Kineton,akineton8e@mapy.cz,67367 Lukken Place
8e987f99-b4b9-49b2-aed6-3bc764bd0b74,Janice,Sussans,jsussans8f@typepad.com,5 Oxford Trail
5323bbb8-47cb-485f-99ea-a75f36507fdc,Lydon,Pusey,lpusey8g@ask.com,9191 Huxley Center
74e139ae-8047-4e6c-97a6-c0e05082ab84,Max,Chmiel,mchmiel8h@prnewswire.com,3 Myrtle Plaza
356cc4ac-99b0-46b8-9a62-9cb1256b7d04,Noak,Battlestone,nbattlestone8i@networkadvertising.org,27182 Esker Point
dda79bfb-f32c-4a82-b8ad-c004ad05818f,Arty,Hutcheon,ahutcheon8j@nydailynews.com,3 Fisk Circle
d86c859c-8367-48a5-b10b-d030a9a511b7,Dayle,Wharmby,dwharmby8k@ed.gov,966 Magdeline Center
69e1c24e-20a4-423b-9c83-75c155cf00d5,Joseph,MacCostye,jmaccostye8l@google.pl,80436 Bowman Court
b575cff0-9d6d-442a-a925-d3b4a6edbf32,Lavinia,Vallentin,lvallentin8m@simplemachines.org,9921 Kensington Street
08958b81-56e5-4e71-ade2-a93da0cd2b44,Keefer,Speight,kspeight8n@disqus.com,545 Merrick Junction
efa9cb05-391f-4922-ac79-386b01067ae6,Engelbert,Devigne,edevigne8o@rambler.ru,69 Tomscot Avenue
990c7b43-8f36-4bd3-bb0f-23d189322d2f,Malynda,Millwall,mmillwall8p@howstuffworks.com,0726 Hanover Center
4c2f6c0a-764f-4d5c-a896-9d4e1f0975c4,Clerc,Petkens,cpetkens8q@pagesperso-orange.fr,410 Golden Leaf Place
ae06e72a-a8ef-4a07-816b-5f1695fddb76,Bettine,Crowley,bcrowley8r@homestead.com,4817 Boyd Hill
912b5973-306b-4fc4-9fc7-d673618fffef,Bernadine,Gozzard,bgozzard8s@youtube.com,5529 Northfield Parkway
35713b64-a983-464c-a058-f091a78cd198,Lincoln,Phuprate,lphuprate8t@google.de,3099 Grayhawk Circle
02823e0b-06c7-4c47-81b3-43d61c9cd92c,Freedman,Corran,fcorran8u@sina.com.cn,224 Golf Point
6d1cd7fc-4b69-4053-8906-d139617a09f9,Benedetta,Andrivot,bandrivot8v@google.co.jp,9 Dwight Point
a557c146-83b1-4715-b8cc-6664ba6e03b1,Kelvin,Trounce,ktrounce8w@yellowpages.com,9392 Maywood Terrace
f1d087da-ec10-4877-b3cf-f76fba301fbd,Vitia,Strelitzki,vstrelitzki8x@virginia.edu,83 Briar Crest Road
f7482aa8-6263-41d9-98e9-3ec241313f52,Cecilio,Fasse,cfasse8y@timesonline.co.uk,37 Dunning Hill
5b4bcc20-232d-4756-b957-e67cf4286041,Letti,Bracegirdle,lbracegirdle8z@cbslocal.com,10959 Holmberg Point
d0c3e7bb-1b80-4f6a-91c7-59e3d4c9c152,Marmaduke,Montez,mmontez90@cocolog-nifty.com,9 Sauthoff Street
a122021d-06cf-4b7b-8a55-5a2799e63f7a,Maurits,Rubinchik,mrubinchik91@istockphoto.com,67 Alpine Plaza
d0f54e18-ff7a-49f1-847e-4ec9010a6017,Lexie,MacCaffery,lmaccaffery92@squidoo.com,1927 Cardinal Court
a2897ebd-eec3-4b54-b28c-7725ca8174b6,Anya,Braunfeld,abraunfeld93@de.vu,79 Kropf Junction
d3851e26-516b-41db-97e5-04027fbe18ec,Cicely,Coursor,ccoursor94@forbes.com,6 Karstens Terrace
cbd4dc78-2a86-4683-b10e-14b606477635,Bill,Wallwood,bwallwood95@cmu.edu,7 Linden Crossing
116eabd8-7f44-4455-b3d1-47fb43886e24,Patience,Bachnic,pbachnic96@a8.net,3048 Jay Court
19049c3e-77bc-4a45-85d3-25871a94f88e,Eolande,Bromilow,ebromilow97@typepad.com,607 Upham Court
7ff06a28-13e1-4946-9c5c-e5ab221f70ed,Yetty,Baltzar,ybaltzar98@dagondesign.com,01261 Heath Parkway
f4003dfd-339f-4f21-bee0-34bb94fe0c13,Babb,Broun,bbroun99@list-manage.com,28472 Oneill Lane
9156e723-a14e-4691-98c3-779851d9e050,Dede,Bettanay,dbettanay9a@diigo.com,69331 Lindbergh Hill
97c5dc43-5fd3-4c80-bdec-11ac96c69e4e,Rosemary,Scraggs,rscraggs9b@ft.com,47 Boyd Lane
ebc211ee-00b5-41ea-a2df-e5d0f46bd0b8,Dani,Heineken,dheineken9c@ezinearticles.com,506 Karstens Avenue
3ae8fefc-bf3f-4d70-8c8c-37afe155f026,Gabbie,Thunders,gthunders9d@cnn.com,946 Morningstar Court
b05acafb-ac03-471f-950b-00e18050177a,Sorcha,Whitmore,swhitmore9e@mtv.com,992 Sutherland Point
397da382-b4cb-4320-a108-fe5bc3c9736e,Friederike,Dunkerly,fdunkerly9f@blogtalkradio.com,7318 Hoepker Court
5c173fda-8798-41e9-a9c7-7084826ba965,Kerrie,East,keast9g@slate.com,443 Springview Place
dfde3a4a-a8b3-4e98-8c08-ef0a84e613d5,Dasi,Dwelley,ddwelley9h@weibo.com,2040 Troy Road
b206b42c-ba37-47d3-9259-66fc07f16475,Charisse,Denisevich,cdenisevich9i@unicef.org,33380 Helena Place
28eb79e7-bf35-4c5d-a81b-9203443bb82b,Geordie,Keatley,gkeatley9j@nymag.com,08 Canary Place
c7737d19-6656-4615-af74-0fad14743c0b,Charissa,Coller,ccoller9k@homestead.com,857 Jenifer Pass
c4e9b30b-cd20-4104-9431-050a13506ef8,Burton,Joss,bjoss9l@miitbeian.gov.cn,01295 Algoma Plaza
4bc7cfb3-69cd-414c-8af4-28130280b6eb,Broddy,Giaomozzo,bgiaomozzo9m@archive.org,85829 Shopko Lane
9ea1203c-8b49-435d-bc4c-b33e48fd99fd,Petr,McKeggie,pmckeggie9n@admin.ch,85937 Weeping Birch Park
5726520b-a1f8-4a96-907c-5c7185b62a92,Waverley,Brosetti,wbrosetti9o@examiner.com,566 Farmco Place
8da20251-2f11-4c43-8842-121221b5df04,Arnaldo,Vibert,avibert9p@over-blog.com,72 Barby Circle
1e4c8fb2-a099-4330-8a4c-b4ba90bc34f1,Cris,Soulsby,csoulsby9q@51.la,93 Vera Parkway
0947de5d-b893-4620-a3d4-b3e4d8e7eda9,Brod,Nother,bnother9r@chicagotribune.com,8386 Thierer Alley
a653ea72-b227-4a81-bba5-0d61e4274595,Karleen,Bartolozzi,kbartolozzi9s@examiner.com,62 Linden Lane
69c245bd-0073-494d-9ce5-6fbc14b56023,Balduin,Steaning,bsteaning9t@mashable.com,8729 Warbler Junction
20bc0bee-d383-44c0-a05b-5c332dddea76,Andres,Bony,abony9u@epa.gov,18228 Magdeline Terrace
8f69533e-8a50-48d7-8721-4baa32645bc1,Christoforo,Burdge,cburdge9v@bbb.org,60094 Drewry Plaza
21dea34d-a621-42c8-ab77-dd4a06bd1f40,Bonnie,Klauer,bklauer9w@deviantart.com,6391 Elmside Way
3073ba11-eb77-4bf2-8932-9f89b50960c1,Clemmie,Lapides,clapides9x@marketwatch.com,91738 John Wall Avenue
c99e1de3-23f9-4ae5-9e15-88b3752d1849,Sue,Gocher,sgocher9y@trellian.com,4 American Ash Avenue
aba867da-8de3-4b3f-8edb-544e61fd4f0e,Shayne,Ingrey,singrey9z@harvard.edu,6191 Porter Park
446636c4-2012-4580-9ab2-0f03fe33bdc1,Lizzy,Elvidge,lelvidgea0@geocities.com,1297 Doe Crossing Drive
d6d3c8c9-560e-4326-a15e-523cdfb25837,Graeme,Wallage,gwallagea1@cloudflare.com,87970 Schurz Center
0afacf3b-a4e2-4018-865b-79dc07f8861a,Elsworth,Rimer,erimera2@craigslist.org,6938 Rockefeller Park
00354d80-73fc-4653-8eee-ed5fafa58499,Lynnet,Shillito,lshillitoa3@behance.net,2 Grasskamp Trail
8e8cc4be-6b4f-4723-b68a-0b300fd88dc2,Emmerich,Goodisson,egoodissona4@fda.gov,0760 Carey Parkway
09043da8-f0ce-4dcf-a19f-0e44daf68736,Etti,Adriaens,eadriaensa5@bloglines.com,018 Clemons Crossing
2aeb6c2e-909c-43f2-9b02-dcb0e57f1fe0,Karlik,Charpin,kcharpina6@virginia.edu,3 Quincy Center
875726d4-1754-48d6-b2a8-7f643fabb6e5,Elke,Gladbach,egladbacha7@princeton.edu,8656 Cardinal Place
bc1553f2-c2b3-44fa-b832-3b84357df891,Leda,Elan,lelana8@jalbum.net,12 Dorton Road
2a585d96-8355-4c73-a2b6-afec4806c383,Delmor,Craddy,dcraddya9@washingtonpost.com,45130 Melvin Way
bd7575b8-8054-4c5f-874e-670225dee43c,Valeria,Beldan,vbeldanaa@wufoo.com,9 Buell Place
e25cd063-cd5f-4416-9324-56a080bdc876,Danny,Limrick,dlimrickab@ft.com,20 Acker Court
8493b273-7566-460c-a15a-36e5d24b2b5b,Uriel,Dunsford,udunsfordac@dagondesign.com,20114 Knutson Alley
4b5b19cb-8918-4e0f-b91b-4312a97c604f,Lira,Yousef,lyousefad@chron.com,98 Montana Street
f6c5664c-3952-464a-8ab7-c34a2c992839,Margalo,McHale,mmchaleae@slate.com,23817 Westridge Road
90da0c36-1fe3-4ec9-925b-af15ba8b0d6a,Ed,Brislen,ebrislenaf@blog.com,140 Clove Way
68a3a6d9-71bf-4a71-a40b-64a26ee0f21e,Barr,O'Mannion,bomannionag@slashdot.org,8554 Sunbrook Point
a0f9830b-660e-4f60-ab54-32e31e7be69b,Ginevra,Gatehouse,ggatehouseah@dyndns.org,31 School Court
bc66c67a-c2bf-42a5-8e2a-4c9daf226f55,Antone,Lavigne,alavigneai@tmall.com,8850 La Follette Court
fee45f2b-a51c-4300-a128-e0cf9a57b393,Tierney,Lune,tluneaj@house.gov,15232 Tennessee Avenue
c609fe8c-2a6c-45f8-9b07-93c02bac0d90,Celine,Brogden,cbrogdenak@fda.gov,698 Dovetail Pass
0011d092-2aea-4419-b655-76dde00a3d42,Maxy,Diggar,mdiggaral@cisco.com,29 Grayhawk Pass
df775610-87d4-435f-a8e7-4b515ddfefae,Nalani,Petrasch,npetrascham@cmu.edu,36 Claremont Place
29098989-1246-4359-8245-9b8ddf852334,Loydie,Pauluzzi,lpauluzzian@bbb.org,7 Summer Ridge Lane
a380fa1d-c645-4203-b293-dc1033b16ea9,Tomas,Wasmer,twasmerao@ycombinator.com,949 Macpherson Trail
5bf95a49-ff59-48c5-b388-d988e5741e96,Ignatius,Barus,ibarusap@smh.com.au,29 Northridge Park
e0f9ce63-68d8-4b5f-aab4-98dec2097703,Roz,Himsworth,rhimsworthaq@1688.com,83 Di Loreto Place
7896d6f8-b508-4afe-bf8d-956aa87c2775,Gayle,Lovick,glovickar@chronoengine.com,7501 Melrose Parkway
532d4ef0-d1a1-4df7-85ce-1bf7ed3b9d19,Dagny,Collyear,dcollyearas@buzzfeed.com,469 Prairie Rose Plaza
33ca3fe5-2ac8-4b72-915f-e47618d5d5d4,Terese,Fraschetti,tfraschettiat@hatena.ne.jp,6 Clarendon Road
dee42b50-3f93-4ee1-ab36-39771d89f722,Desdemona,Thomasson,dthomassonau@ucoz.ru,45792 Shopko Trail
2e35585b-7da9-47da-b915-02a7ea0620b7,Enrika,Biers,ebiersav@twitpic.com,945 Clyde Gallagher Point
a84c3820-9d91-4283-9d57-18f2ae4f9b8f,Ariela,Dundredge,adundredgeaw@geocities.com,5298 Thompson Crossing
3f1574dd-15dc-4fea-a8e7-a057c55f2e38,Tye,D'Antonio,tdantonioax@senate.gov,509 Burning Wood Place
73e164d7-7251-4226-97ac-9fa3123cb686,Malachi,Joslow,mjosloway@ezinearticles.com,8 Garrison Circle
78054dd2-d0fc-439c-8504-847cd63a0bf4,Silvio,Pressman,spressmanaz@paypal.com,25386 Lillian Plaza
828d4068-1bbc-4ea3-b018-28137576e977,Karisa,Gladdolph,kgladdolphb0@tripod.com,09619 Kenwood Alley
48b52547-c8f8-4eef-842a-b1d41b246584,Norma,Guinery,nguineryb1@imgur.com,9005 Mcbride Point
5779261f-6149-456b-9f1e-1098725bb5a7,Sheri,Moogan,smooganb2@wix.com,93253 Stoughton Plaza
9918c48d-e56e-49df-9648-5cdc79eca4a6,Anna-diane,Emlyn,aemlynb3@amazon.de,19 Maryland Junction
11e07499-1d86-4fce-922c-e6a009868553,Lulita,McPherson,lmcphersonb4@wordpress.com,033 Glendale Circle
ff56037c-d948-437e-819b-be8e5c9e52de,Igor,Searchfield,isearchfieldb5@spotify.com,15964 Eastlawn Pass
d54073d6-726a-4d78-aeba-32213b982d97,Robyn,Stubbings,rstubbingsb6@unc.edu,3603 Victoria Drive
677e3c17-d951-434d-b45b-773e75ff42db,Boyd,Willshear,bwillshearb7@wp.com,85995 Oak Valley Drive
3f3fb23b-39b5-46c9-b79c-84fcdce6026b,Archy,Ormrod,aormrodb8@slate.com,105 1st Alley
9cbf0711-fc07-4999-8581-3e1a5e8a331a,Drucill,Okroy,dokroyb9@altervista.org,74 Bluejay Place
77c93a29-61b1-473b-b83f-bccfff81a95c,Jodie,Perillio,jperillioba@sourceforge.net,35504 Browning Drive
a6166116-a54b-4e31-802f-ba5a992e69ad,Alic,Le - Count,alecountbb@sitemeter.com,8 Ohio Alley
f6abf71d-4fb4-4cec-b8a4-4c29ec3aa31a,Evyn,Oller,eollerbc@mysql.com,1 Sutteridge Pass
e4c9e77f-2c73-4bf5-a2c7-ea206d738ccd,Bree,Chattey,bchatteybd@hibu.com,4804 Anderson Center
3cc5331e-e8ca-42ed-b53f-3185c3f4eff3,Pip,Londesborough,plondesboroughbe@issuu.com,077 Mifflin Plaza
265acdfb-4ced-473f-a08f-185495bf4533,Delcina,Ruseworth,druseworthbf@rediff.com,50161 Sheridan Street
494d6c6b-2cee-40fd-8104-a113d755fbcf,Morey,Bubbins,mbubbinsbg@discuz.net,5454 Heath Center
3e7eab71-2b57-4fbc-9d97-23780375e636,Porty,Emby,pembybh@1688.com,7543 Red Cloud Junction
b30a6934-ae03-420c-956b-764ddade49d4,Sherlock,Orviss,sorvissbi@spiegel.de,0880 Tennyson Drive
118ed5eb-f240-4e72-bd66-7229ee34c8e6,Clevey,Deinert,cdeinertbj@bizjournals.com,03 Bellgrove Way
7f4fbc62-2c91-40db-a38f-cc3969c0889e,Loretta,Demchen,ldemchenbk@flickr.com,9616 Northwestern Drive
3ab026de-cd51-4787-92aa-8a5994d777ff,Rolf,Worwood,rworwoodbl@craigslist.org,11 Union Terrace
bc968815-ae47-474f-ae3a-208133ecd78c,Reginauld,Gelly,rgellybm@sciencedirect.com,78987 Pierstorff Way
f60a63f7-ee47-4f96-bdbe-ebf9a50c9010,Billy,Handlin,bhandlinbn@scientificamerican.com,1 Golf Course Trail
5d31f169-2a03-4e6e-bce3-5fc38e7aac38,Caspar,Dadson,cdadsonbo@github.com,816 Springview Lane
954b5cea-e3bb-4915-aec4-0c6f65ab8a0f,Celina,Wallhead,cwallheadbp@photobucket.com,8279 Southridge Park
aa63e10b-7e1d-4bda-8c30-dcba90ddf2b9,Clementine,Penticoot,cpenticootbq@nyu.edu,6012 Menomonie Drive
7945387c-af58-40da-9c09-14fe6a7fffd1,Florry,Potapczuk,fpotapczukbr@desdev.cn,8 Meadow Ridge Point
b0466ba1-bb22-455f-8f26-7d7966b5ace5,Maureen,Dougary,mdougarybs@hugedomains.com,068 Maple Pass
9823eb6e-db91-47de-bce2-1749b273bf41,Chaunce,McNellis,cmcnellisbt@abc.net.au,70 Charing Cross Park
a221f00e-0f8f-42d1-8840-51fb35e6ed7f,Donella,Broome,dbroomebu@ow.ly,0321 Lunder Lane
a5914847-4689-4443-aa8c-dff5607b8f01,Freida,Garaway,fgarawaybv@shareasale.com,34441 American Ash Drive
0d7442f4-dc48-4759-be44-ed5311f9483b,Any,Forte,afortebw@meetup.com,401 Lunder Street
09118105-fcce-4600-9cda-363da470f0c3,Gilli,Baiss,gbaissbx@liveinternet.ru,9205 Evergreen Park
12748132-2c4a-4406-b33a-42ab69a59007,Dniren,Surgeoner,dsurgeonerby@google.com.br,72004 Caliangt Center
7dbe95c2-08ca-4800-9366-c8bc08def5f4,Ingrim,Warlaw,iwarlawbz@hatena.ne.jp,6 Monterey Court
003f1a95-c0ec-42df-841f-2f40145f482c,Alyssa,Andreasen,aandreasenc0@kickstarter.com,9195 Westridge Circle
eeefbc2b-681a-42e4-b4c6-7dc2a1be6de5,Colver,Cheales,cchealesc1@ed.gov,4907 Briar Crest Hill
3b772f46-d0a6-4d46-88d5-b926473455c7,Lenard,Nelhams,lnelhamsc2@reddit.com,055 Sachs Plaza
822a4668-8809-45d4-bd22-1255e212ae01,Kyle,Mertsching,kmertschingc3@google.pl,504 Ruskin Place
201ddf1a-cce2-4e29-a476-84a6ba3895d0,Marcello,Bilborough,mbilboroughc4@noaa.gov,13 Westridge Alley
adeddbf3-8fa6-4f1b-b420-4e27f54bab9b,Graig,Shimwell,gshimwellc5@time.com,76059 Hanson Hill
89bb414e-fba2-438c-8de7-6feb3ee2a206,Ebony,Ramlot,eramlotc6@businessweek.com,416 Becker Place
c7f9d504-b921-4f3f-991f-6944f1f14662,Kinsley,Bretherick,kbretherickc7@soup.io,67 Quincy Park
88dbd073-547b-4501-a35b-a941407ed7bf,Marlena,Prester,mpresterc8@alexa.com,677 Spenser Plaza
c7d03748-5913-466b-a4ae-b9d947cd5e86,Curr,Philimore,cphilimorec9@indiegogo.com,36740 Talisman Court
0d4432ae-5163-4f3b-b343-46811469a9de,Adele,Callis,acallisca@theguardian.com,2393 Stuart Circle
8b4d4a97-3dbb-413f-8af6-407804057107,Alyosha,Date,adatecb@tiny.cc,6 Toban Way
a411989f-9cbe-4dc2-8558-20e7e5732b48,Kile,Moorhouse,kmoorhousecc@t.co,610 Red Cloud Pass
9bc6ae68-f098-47f3-af52-1130cd95b01e,Gweneth,Spataro,gspatarocd@boston.com,242 Caliangt Trail
39b85011-916b-411f-89b8-63807879b5cf,Afton,Wateridge,awateridgece@europa.eu,16005 Anhalt Place
19a85271-36c5-4df0-93f3-a17ee20202c5,Thaine,de Leon,tdeleoncf@google.co.uk,5 6th Court
e468bd1d-51d4-40a8-9a8c-6bef9d5f1aa7,Pierre,Veljes,pveljescg@newsvine.com,01115 Raven Place
245dfc22-f527-4670-9033-346f1d05d321,Carmelia,Gernier,cgernierch@examiner.com,56471 Sage Terrace
7564e7f0-9412-406c-8db4-c701e0145a56,Lothaire,Bevans,lbevansci@qq.com,46335 Stuart Terrace
7a37e48a-6c65-404b-86b2-3bdf1d135ee6,Ruttger,Powton,rpowtoncj@mapquest.com,4610 Bowman Plaza
6ce789ff-5d10-42b8-a37b-39ddb20dc06d,Miguel,Gollard,mgollardck@tmall.com,25 Swallow Terrace
35ef654d-ac65-4ee4-964e-6985358b8d74,Humberto,Cuerdale,hcuerdalecl@businesswire.com,42 Springs Point
425370da-ad0a-4bf4-9025-103024ce8eda,Jaquelyn,Carman,jcarmancm@nba.com,5 Cascade Parkway
def432b7-5305-4adb-9c2a-d997b9abb148,Binni,Colleymore,bcolleymorecn@devhub.com,53 Carberry Place
5a05e6a7-89c3-4e91-8200-62324cd5ec57,Toma,Dible,tdibleco@howstuffworks.com,8367 Bonner Crossing
502d60cb-7cca-4d4c-93f2-68c83153a5fd,Rodge,Woodstock,rwoodstockcp@amazon.co.uk,80124 Kropf Point
e376475e-900a-41d5-bb80-6b44db47e51e,Rochette,Sellan,rsellancq@cnbc.com,091 Larry Parkway
26925f51-8581-42c2-9eca-d31052938b91,L;urette,De Robertis,lderobertiscr@theatlantic.com,8888 Steensland Trail
59ba35af-7ff8-479b-a0e1-4b8963f1c760,Fionnula,Brok,fbrokcs@ycombinator.com,775 Sheridan Parkway
13052713-10ec-4e1a-bf6f-55b556e928c0,Kathi,Krale,kkralect@mail.ru,4 Manitowish Court
5fba79df-f201-4691-928b-3cc0971c0143,Brandice,Aubert,baubertcu@cbsnews.com,212 Carey Way
213987e9-6a9b-473f-800f-df225ceefc9e,Marwin,Ferrarin,mferrarincv@youku.com,19969 Hintze Parkway
0bb4e759-7768-448d-a90a-aa8f7e279a4d,Judy,Rasor,jrasorcw@elegantthemes.com,9 Almo Parkway
537ca157-cc88-4500-99e3-9f78506a4412,Laurence,Antonsson,lantonssoncx@constantcontact.com,893 Melrose Parkway
0dbeb56e-642e-429e-9f41-b4461d1091a8,Amberly,Londesborough,alondesboroughcy@ning.com,97113 Arapahoe Terrace
d23529d0-354e-43e0-ba05-4aa7347ce2e9,Roy,Griffitt,rgriffittcz@microsoft.com,59 Katie Trail
af49f76c-1f15-41f7-8d91-000faee65355,Emlyn,Held,eheldd0@baidu.com,3271 Hayes Parkway
b5208cda-5bda-48f3-85dd-e5b055eaa0f9,Klarrisa,Mashro,kmashrod1@slashdot.org,5 Straubel Hill
06e9c541-94bc-4d48-917b-dd2720255f96,Sherri,Grinval,sgrinvald2@1und1.de,10298 Eastlawn Road
26653767-eb1b-4cba-aa3a-cd3ab2cca542,Nettle,Chaytor,nchaytord3@eventbrite.com,8 Algoma Terrace
69f7b2a5-3a21-44bd-b6f7-d72b71924b19,Alfons,Neve,aneved4@simplemachines.org,217 Lien Crossing
adc68405-1e71-4dfa-8ad2-358e62170280,Rodrick,Bidgod,rbidgodd5@army.mil,6 Delaware Point
c5861065-d538-4dd7-9407-6ec42eaa2d46,Ross,Labrum,rlabrumd6@bigcartel.com,14 Killdeer Place
45cd0e8b-42ad-433e-b9fd-4a6bbf3aef6a,Sonia,Pollastrone,spollastroned7@twitpic.com,35033 Algoma Court
62299c3c-b967-479b-a5ff-7b2c9a7bb983,Billy,Mathis,bmathisd8@webs.com,65254 Coolidge Point
42e70627-a387-4ea5-b3da-9ec2afc9e759,Alair,Basil,abasild9@google.com.au,15 Karstens Place
e2a11596-48ba-4fd6-a135-658a4deff7af,Eldredge,Barge,ebargeda@va.gov,76 Harper Pass
87700dc9-bbe4-4a3d-9e5f-a2af5c7e29fc,Yard,Mapis,ymapisdb@bandcamp.com,74440 Everett Center
c437e34a-9ddd-460d-bd82-8f535d62746e,Penny,Lacy,placydc@sourceforge.net,05 Dryden Street
cc859743-e7d1-44ee-9a10-1a1faf265b43,Gilburt,Scrivner,gscrivnerdd@pinterest.com,423 Corry Street
8e264da4-03ee-48a4-aca0-d68b47a6f292,Nikita,Ramsdale,nramsdalede@infoseek.co.jp,532 Spohn Avenue
8e00229d-68ae-4eff-8bb4-fa08b39be218,Hadlee,Ahearne,hahearnedf@go.com,850 Grayhawk Terrace
010c2c2c-3532-4665-a973-17bdda08bd3b,Allys,Donke,adonkedg@fda.gov,856 Linden Junction
ffe7db5e-3526-4e41-b974-f3f1e0f9fa1e,Rey,Garbutt,rgarbuttdh@auda.org.au,32 Fair Oaks Crossing
fb88e3da-cfea-4c41-9841-c96032c0077a,Aylmer,Claasen,aclaasendi@wix.com,3 Gina Street
a5542ef1-5b7e-42a9-b381-3352cff3fb29,Cameron,Gumby,cgumbydj@moonfruit.com,42866 Victoria Terrace
efdcd070-045b-4be1-bcc4-9f59bb4c77ea,Demetris,Lavalde,dlavaldedk@studiopress.com,6044 Park Meadow Lane
b271326b-ec87-4b4b-879c-e771b99d2dc8,Eal,Deeprose,edeeprosedl@elegantthemes.com,59665 Kingsford Place
b679a624-5f52-4c91-ae33-25dfcb8b6647,Huntley,Daskiewicz,hdaskiewiczdm@soundcloud.com,99134 Bunting Circle
13613c11-00a6-4f9b-be2f-e10eb72a538c,Bianka,Toffolo,btoffolodn@nymag.com,00051 Grasskamp Crossing
4d10deba-7f22-418d-bd65-d7f7905a6849,Nickolaus,Maxwale,nmaxwaledo@europa.eu,28 Morning Road
4844c5f7-36d7-4423-a2be-6bd332d622dd,Jeff,Standing,jstandingdp@squarespace.com,537 Texas Park
ca1cf6c1-60f2-4697-8286-f9a9b212e35c,Chadwick,Fritschel,cfritscheldq@latimes.com,306 North Drive
cc3af5a4-09b5-4d75-b4f6-27dee01af610,Zorina,Heap,zheapdr@dailymotion.com,4 Fuller Junction
b11a08c3-a339-4e4e-aebb-2926c926ce82,Otho,Dowker,odowkerds@livejournal.com,4 Scott Center
dfb20760-cd64-4610-ace0-ff674dccb0ec,Hedwig,Jansky,hjanskydt@macromedia.com,9847 Mcguire Terrace
057757a9-cc3a-49ff-a528-1b800368bc8a,Crichton,Hannond,channonddu@amazonaws.com,70 Ridgeview Court
59753ca7-4f39-451e-b178-675884237dbb,Derick,Andreoletti,dandreolettidv@seattletimes.com,39 Hazelcrest Road
493d919e-8159-40bf-83f1-8826b0245bbb,Loreen,Rockcliffe,lrockcliffedw@virginia.edu,22011 Jay Plaza
fa692369-2a3c-410f-990f-aca1baf26616,Charissa,Cartman,ccartmandx@npr.org,80900 Hallows Crossing
bb2a50b6-1b4d-436d-85c6-26379c214b20,Jorrie,Arson,jarsondy@ask.com,2811 Burrows Point
f78a6370-3dfe-41af-bd08-c28293cda02e,Jillana,Lassetter,jlassetterdz@elegantthemes.com,017 Toban Terrace
fa31d7e2-cae3-4037-9aea-dd57095fe38e,Kurtis,Gerrens,kgerrense0@businesswire.com,99 Manitowish Crossing
d83eb65e-8d63-4153-8369-fefd31f77f5f,Nefen,Jelkes,njelkese1@ask.com,99247 Jenifer Point
1fdccd75-dc15-4b82-a1e0-a6f72f971c80,Carine,Teacy,cteacye2@wsj.com,5 Hoard Drive
9466187e-3818-4193-a1ad-0f7a2a1af1e8,Blanca,Patise,bpatisee3@census.gov,6607 Grim Way
67517559-47f8-495e-9dab-2ae0c300614d,Queenie,Kimpton,qkimptone4@europa.eu,81231 Prentice Junction
e844c043-0b22-4ada-946c-26097b708471,Trista,Pagelsen,tpagelsene5@google.fr,09814 Bluestem Street
39870823-99bb-4865-b502-04d22d67f18f,Karlene,Hame,khamee6@dailymotion.com,531 Cherokee Place
d7c442a1-1688-4bd2-a44a-6756c1aa001c,Simone,Snoday,ssnodaye7@wired.com,6 4th Alley
be830120-0c31-4784-8a50-6ae8ee3a922c,Myles,Gerrelt,mgerrelte8@telegraph.co.uk,0835 Farragut Drive
d3a21735-80e1-4743-b996-2fc24109f292,Evvy,Marvelley,emarvelleye9@seattletimes.com,96414 Killdeer Trail
3c548296-7505-4e7c-a6fc-e2b1a12a8227,Morie,Hove,mhoveea@cdbaby.com,2155 Lindbergh Court
839befa9-5927-409d-bcf4-0f746dbc77a9,Jacky,Minget,jmingeteb@amazon.co.uk,6 Old Gate Pass
d3100e08-bf35-4f3c-8e5c-996650b887f7,Dallis,Dunguy,ddunguyec@xinhuanet.com,19 Scofield Road
64177b92-8c94-450c-ad0a-88f38e02ab5d,Sasha,Wastall,swastalled@harvard.edu,92845 Mosinee Place
f22c69f3-17f0-465a-b577-a3dfa979f7e0,Caterina,Copas,ccopasee@soundcloud.com,5513 Southridge Park
e27db230-39b9-4f93-96c7-8d2d3905f55e,Fina,Recke,freckeef@ustream.tv,4 Eagan Terrace
5e1c8463-35d0-4991-a27f-c7df2d3df44d,Nicola,Dixon,ndixoneg@google.nl,168 Oxford Crossing
816c8500-6065-44b3-ad0c-75c8224545b1,Gertrude,Bonnefin,gbonnefineh@ovh.net,8 Graedel Lane
1cd12fc3-c664-4588-90ea-8e3f6a4ce559,Evita,Lethby,elethbyei@ucla.edu,474 Glendale Pass
944a4572-e4e0-4ef1-b2cd-66428ca460ef,Jolynn,Maulin,jmaulinej@nature.com,52 Buena Vista Terrace
a8de61d3-7e9e-47f4-bd19-04c1f4e21f01,Farra,Grinyer,fgrinyerek@discuz.net,24261 Messerschmidt Circle
04ba2680-574f-4e67-9327-5876542a7910,Lovell,Stock,lstockel@github.com,34 Lakewood Gardens Lane
c52d59c4-a878-4f3e-9666-085655a7ff17,Stefan,Ivakhnov,sivakhnovem@so-net.ne.jp,66272 Huxley Terrace
3cb618f4-5708-4d89-9f38-156cf5ca5569,Helsa,Syce,hsyceen@usa.gov,46 Meadow Vale Trail
78f3be42-176a-4928-94d0-fe629ac7e8e6,Geno,Eskell,geskelleo@samsung.com,13138 Clemons Park
1076fd65-ccba-4dcf-b784-79a8c8dc4f3e,Nahum,Fishly,nfishlyep@wp.com,93507 Merry Trail
505718c4-4766-4355-99dd-5501ae693dac,Filip,Dallan,fdallaneq@ocn.ne.jp,634 Hudson Lane
d96c5ad3-95c5-474b-bc83-808a3451ac72,Julia,Credland,jcredlander@mozilla.org,6 Mcbride Parkway
8320c565-c8ed-4c0e-a154-9435d1e509d2,Appolonia,Dorr,adorres@newyorker.com,2339 Monterey Center
4cb5fed5-0dc4-4342-9d24-2dd08ac326f2,Leigh,Keaysell,lkeaysellet@sourceforge.net,6558 Muir Place
e497e29a-2443-4fcd-92b5-de48f351d251,Shalna,Bidewell,sbidewelleu@cargocollective.com,74063 Rigney Crossing
eaf966b0-12af-474d-84e8-00c0dde8972a,Helaina,Longstreeth,hlongstreethev@intel.com,0 Sachtjen Lane
3f1d8832-f8a9-4da5-86bc-4e92e6570936,Ebenezer,Ridolfo,eridolfoew@yandex.ru,833 Corscot Court
e379ce0f-aa01-4d45-9ed9-d0558efa2ba8,Hanson,Lethebridge,hlethebridgeex@businessinsider.com,0 Trailsway Avenue
91cb1db1-5285-452e-9ec3-587fc0efb319,Elnore,Clempton,eclemptoney@wunderground.com,905 Graceland Plaza
ee4a009e-252b-4f90-9ea5-de9406c69ea8,Rheta,Bouch,rbouchez@slideshare.net,363 Gulseth Court
a21c6564-7cc0-4472-aafc-453758ab44ec,Kesley,Caseri,kcaserif0@naver.com,9422 Saint Paul Place
ecbedbf5-f64a-488b-8bc3-045aec6fe25f,Zack,Goeff,zgoefff1@wikipedia.org,027 Dawn Lane
da0a129f-74c8-4222-8bcb-42b99d156c79,Maryjane,Echallie,mechallief2@wordpress.com,33421 Westridge Circle
07c21ebb-7d4c-438b-bc54-5d9471df3039,Gizela,Fardy,gfardyf3@usnews.com,973 Londonderry Lane
8b880784-73ac-4b43-90e8-49254e83f469,Flossi,Prout,fproutf4@netvibes.com,81314 David Parkway
390ac7f3-1eb1-4bfa-8562-16dd3878041b,Linnea,Crop,lcropf5@altervista.org,3 Warbler Way
5b83d986-f8f1-4c50-8086-6fced7825053,Lenna,Tredget,ltredgetf6@parallels.com,276 Randy Court
8379c5d5-126a-4451-958e-42cd4926758f,Franz,Marriott,fmarriottf7@tmall.com,759 Center Place
19b4e624-e8f9-4652-a30a-9ad173bff673,Cherida,Bogges,cboggesf8@slashdot.org,420 Sunfield Drive
4100405a-01f8-4524-a559-08fc89b08027,Rafaela,Westfield,rwestfieldf9@loc.gov,19416 Gerald Drive
ef719395-7c84-4f19-a7b8-707ccea87e73,Christen,Bennallck,cbennallckfa@fotki.com,8 Towne Road
09520e52-3977-4706-9459-3e1a4002e5ca,Greer,Gutherson,gguthersonfb@wordpress.com,67810 Kings Court
c46e5928-84a0-4ec5-ba9c-50d504944bc5,Bard,Eldritt,beldrittfc@biglobe.ne.jp,93225 Rockefeller Hill
e33933af-9fdb-48ed-9401-2be3d47dbf1e,Flo,Serrurier,fserrurierfd@google.com.br,87665 Atwood Drive
30e80992-64c4-40e7-a973-b2d93d4e4802,Bendick,Accum,baccumfe@bloglovin.com,7 Fulton Parkway
ed2da1a3-3596-4579-b861-b8398a68a69b,Janna,Sauter,jsauterff@ehow.com,69164 Buena Vista Avenue
bd6fc9c2-4906-459b-9d73-7be420671f05,Dael,Grewer,dgrewerfg@ihg.com,938 Clarendon Lane
2d6da6d1-d14e-4a04-ae63-03a6e519f8ea,Wayne,Hail,whailfh@delicious.com,09367 Sauthoff Parkway
9c57d6e0-a6dd-4fb0-a785-4055e4195ebb,Stu,Macauley,smacauleyfi@seesaa.net,79 Brown Terrace
0481bd15-30a6-443e-b528-071877736b51,Benoit,Klampt,bklamptfj@delicious.com,5 Leroy Center
672eba29-464b-45ea-8215-e1e632d2aed8,Lily,Brailsford,lbrailsfordfk@ning.com,812 Dixon Plaza
ae9897c1-12a3-48c6-a3be-f674506cb521,Marcelia,Coudray,mcoudrayfl@japanpost.jp,799 Jay Court
eb480eb7-71b2-4516-9674-8e722b6d66d1,Barr,Skevington,bskevingtonfm@google.com.au,678 Eagle Crest Trail
d68b8978-49f3-46c4-a52a-132acb883a06,Ulises,Depper,udepperfn@auda.org.au,2678 Sycamore Point
7dd77193-aaeb-440a-94b0-a6bf142f1d96,Katine,Mishaw,kmishawfo@europa.eu,4203 Loomis Hill
adaf2e13-35b8-4dfe-a960-5b4cbcade6bd,Morris,Darkott,mdarkottfp@sogou.com,08442 Grim Trail
d8407300-aa60-4338-b262-bce114bba3b4,Desi,Clabburn,dclabburnfq@amazon.de,1 Muir Trail
b31c69ae-9454-483d-bb2b-0215eb4cc9ca,Nerty,Jennery,njenneryfr@gravatar.com,627 Meadow Vale Way
25d1fab3-881f-4330-86bc-fe16be23c61f,Parry,Louden,ploudenfs@github.com,71 Rieder Park
0a8786b3-81e8-4583-bc64-28971ca0ff6a,Christiana,Jerzykiewicz,cjerzykiewiczft@chicagotribune.com,75 Corscot Trail
64975780-074f-4c47-8dec-1340df2f40e4,Zena,Longmore,zlongmorefu@ow.ly,17794 Rusk Alley
2524a5bc-c4a3-4915-851f-ddf4408edb52,Abbey,Ginni,aginnifv@stumbleupon.com,750 Amoth Way
6808a4cb-fbee-47f1-91bc-e4f191b578b6,Nicole,Pichan,npichanfw@blogger.com,36823 Village Green Plaza
5869c654-cd69-4f49-9092-4654152aea16,Nicki,Ivkovic,nivkovicfx@qq.com,70245 Schurz Terrace
5933f09e-1b7f-4840-af53-11ff1372a927,Sutherland,Grishakov,sgrishakovfy@google.com.au,3 Morningstar Drive
511de7ca-0c1d-4337-aee1-6471d9772e9a,Faith,Bogace,fbogacefz@census.gov,759 Myrtle Circle
8a70acea-fe1a-4518-802e-743ea495456b,Alastair,Desson,adessong0@ft.com,0768 American Alley
c5ffdd4e-339c-4c3e-8119-1228ca4ba849,Aline,Curee,acureeg1@walmart.com,60 Mccormick Alley
be9e2dc1-3e35-49e0-a252-bc84535c760e,Dorey,Rustich,drustichg2@hao123.com,38 Stoughton Circle
82493446-c06a-4529-8009-ae84c32ea7c1,Humfrid,Eddoes,heddoesg3@wp.com,62813 Jackson Terrace
9299273a-d4a7-47d8-8a6b-bb290ef1fbe2,Ricky,Gofford,rgoffordg4@discuz.net,916 Fairfield Pass
68472647-c6a9-4ade-b33d-83c8a8e0d684,Amby,O'Cahsedy,aocahsedyg5@nps.gov,6 Knutson Parkway
235f3820-0504-4a87-9d6e-9908089ec99e,Fitz,Borsi,fborsig6@squidoo.com,78044 Daystar Street
7c968483-e2ab-4a33-b87f-d2a4772eabf4,Tami,Ingleton,tingletong7@furl.net,7464 Bultman Crossing
5e3023b2-284b-4642-a425-d631d633cb9d,Joane,Heyburn,jheyburng8@sourceforge.net,5 Tony Hill
445b4ae6-75b0-4f25-b3be-095a81d35441,Sylvester,Sturman,ssturmang9@thetimes.co.uk,15 Namekagon Crossing
1d16c74b-a011-4308-94ce-5a1071de03bb,Guido,Blest,gblestga@joomla.org,35117 North Crossing
37d219e0-fa45-4986-a4a1-6e5d2499e061,Christoffer,Courtin,ccourtingb@wordpress.com,35 Jay Plaza
72dd23b8-5f6d-4402-a853-1bc0d531b089,Rab,Sear,rseargc@sciencedirect.com,453 Mendota Avenue
3eb36a86-c812-4009-8af9-9c9d3e1b03e4,Marta,Winskill,mwinskillgd@scientificamerican.com,41580 Hanover Plaza
81852251-1c86-45e4-9fe1-a9c39f07d7a4,Dido,Waddilove,dwaddilovege@bluehost.com,140 Oak Valley Terrace
01515195-32aa-4ebd-a02d-cc1ca2653f81,Christoper,Jorin,cjoringf@npr.org,91456 Ohio Alley
a25efda6-5903-44a4-9435-1cd67ea45eac,Jakob,O'Neal,jonealgg@toplist.cz,2545 Little Fleur Avenue
f148566c-01a6-4c41-aa69-97b08de2422b,Audry,Pea,apeagh@rambler.ru,88 Gulseth Road
b7afeff2-5b61-4a59-82a3-76a94e4aeb51,Perle,Marchetti,pmarchettigi@youtu.be,178 Monica Point
db98136a-7884-421e-a5ed-d4a8df313739,Valene,Hadwick,vhadwickgj@jigsy.com,04 Oxford Circle
bb3085ea-a264-4fb3-8421-2219e8978df4,Ludovika,Copland,lcoplandgk@zimbio.com,10076 Lakewood Plaza
0d628af9-c97d-41f0-9feb-282076112abf,Henrietta,MacAlpin,hmacalpingl@theglobeandmail.com,4652 Golf Course Park
e932bf20-16fc-4c19-b8ee-d48bbc84e6de,Tabbitha,Inker,tinkergm@java.com,206 Gerald Pass
a015781f-1acb-4248-b6f4-365261289ae4,Pegeen,Joscelyne,pjoscelynegn@admin.ch,25 Hintze Junction
20a3b6ce-bac7-4dfe-b34a-222780d02027,Cosetta,Dodsworth,cdodsworthgo@tinypic.com,39 Esch Pass
e1abc7e5-7130-4140-b8b6-1163591b66f2,Noll,Carrodus,ncarrodusgp@chron.com,6 Fallview Road
a091f3df-ba1f-459e-bcc2-ed278e263eaa,Jo-anne,Noury,jnourygq@nbcnews.com,3802 Park Meadow Point
58bc6fee-8410-489c-bfb7-0286e2237c82,Di,Genike,dgenikegr@quantcast.com,441 Goodland Alley
282c3399-1fc0-4583-b844-f16c70846e5e,Lewie,Suggate,lsuggategs@topsy.com,1471 Northridge Terrace
9c38a133-6b5e-4de4-9a64-7ea2fb48de9b,Lisabeth,Bolingbroke,lbolingbrokegt@berkeley.edu,4 Northfield Court
8252ea4e-9773-4e70-849a-6b51a083af12,Rosabel,Marcroft,rmarcroftgu@skyrock.com,52341 Scofield Plaza
b84767d9-8a76-409d-88c6-49aff3a0cab8,Albina,Grimster,agrimstergv@bing.com,2888 Sunnyside Drive
6ede9dee-cce7-446f-b3fa-ec41263ce8bf,Avrit,McCowan,amccowangw@infoseek.co.jp,9935 Debs Road
5633cbea-8c7d-4601-8227-7e53723c8d49,Devin,Fludder,dfluddergx@tripadvisor.com,2 Eggendart Pass
568e198d-b961-4bcb-9b52-3a966cbde688,Lynn,Vasenkov,lvasenkovgy@google.ru,63136 Eastwood Terrace
c9808da9-6f1c-4b2e-89e5-40f1f57a80d1,Layla,Bennedick,lbennedickgz@dailymotion.com,4033 Cherokee Pass
7d60ba91-1266-4e01-b268-cf1cff0654a1,Barnaby,Pickless,bpicklessh0@bizjournals.com,9 Toban Street
fd1afe82-8359-4f23-b24e-c76e29e005c4,Debi,Byford,dbyfordh1@prweb.com,18 Scoville Park
4f48e916-be77-44fd-8752-360994c3df5a,Thorvald,Ragborne,tragborneh2@ted.com,596 Emmet Way
6d9fa564-5cf1-4523-b94a-ebdb306dcc3c,Langsdon,Vannar,lvannarh3@weibo.com,65 Northland Trail
25e52961-4171-44b2-a3f1-d98e348b4430,Brigit,MacGarvey,bmacgarveyh4@engadget.com,5925 Towne Terrace
c4f38e10-07fd-4398-873a-5733494d840d,Keelia,Chapelhow,kchapelhowh5@google.ru,93490 Talmadge Plaza
a0ade642-f48e-45d1-b162-92b03c0faf99,Cameron,O'Spellissey,cospellisseyh6@theatlantic.com,46380 American Center
f4d17614-92e5-4c2e-9632-889b9ef854db,Ailbert,Edrich,aedrichh7@dion.ne.jp,65 Declaration Court
8b8065bd-017f-4d54-8f65-d45e2bdbb6aa,Lyndsie,Glusby,lglusbyh8@wired.com,3 5th Way
0aad6415-9291-4ea4-819c-4b398909ab01,Gradeigh,Henlon,ghenlonh9@illinois.edu,74 Shasta Point
75aa689e-e63d-4e39-a19f-33af4d085c64,Odessa,Veale,ovealeha@china.com.cn,4 Old Gate Street
31cd2d90-cdbb-4955-bb64-5d9145e15f00,Billie,Chadd,bchaddhb@yellowpages.com,3010 Darwin Lane
1f4e23e9-7e55-4d5b-aef9-ff52e9f65e37,Brenn,Benardette,bbenardettehc@china.com.cn,4 Steensland Lane
ca2f20ec-6dbf-497a-9e9f-0008eb2a4ab5,Grayce,Gonsalvez,ggonsalvezhd@nature.com,2 Saint Paul Pass
84670e47-6fea-42c9-b82e-27fd5611c7db,Ruthie,Laven,rlavenhe@arstechnica.com,8341 Duke Street
b1c482f2-90cc-45b3-97e0-a3dd07bd39b6,Chicky,Annakin,cannakinhf@mtv.com,76987 Alpine Place
8371bb6f-f991-4b7b-913a-ace7a79f6216,Peadar,Zylbermann,pzylbermannhg@reverbnation.com,12797 Hayes Road
6e22fedf-7a96-44c6-a37a-67919066d691,Joleen,Norsister,jnorsisterhh@telegraph.co.uk,598 Village Lane
e79cabb5-df41-4a82-87f3-9a732cc591bf,Kingston,Licari,klicarihi@youku.com,87310 Old Gate Court
df579639-f846-4891-b58e-6049c50c69c8,Saleem,Aldrick,saldrickhj@webmd.com,005 Hermina Terrace
59b7dfb1-4cf8-4b2c-80d5-dcdce71fef67,Derry,Mattaus,dmattaushk@businesswire.com,7 Hermina Plaza
6c924df9-0f3a-4aaa-ae0a-0bd2315a87b0,Harrie,Dumbrill,hdumbrillhl@hud.gov,5713 Hoard Plaza
b90bdbf8-8779-4a80-ad5c-54b37350cd92,Zelig,Padden,zpaddenhm@upenn.edu,3 Morrow Trail
79005c1b-431e-4291-b422-088f5735b262,Steve,Corley,scorleyhn@apple.com,3 Superior Road
bc035085-c6cf-42c0-abc1-cbad847aaba7,Hinda,McPeake,hmcpeakeho@studiopress.com,402 American Crossing
50b9bae6-7b89-4b7e-9278-6616ed494a5e,Madeleine,Laugier,mlaugierhp@berkeley.edu,84584 Northport Terrace
c7de7ac6-1e2e-4b91-8d78-a2b05c69d2ec,Bernarr,Klimowicz,bklimowiczhq@so-net.ne.jp,122 Dayton Center
87c04ca3-a722-4cdf-98ec-035a4660c15f,Scarface,Crawley,scrawleyhr@eventbrite.com,37 Schmedeman Point
8969432e-7bc0-43b7-9d6f-2b6fda015eb1,Trixy,Pleaden,tpleadenhs@skyrock.com,7530 Farwell Road
d8a3c92e-9eec-462e-97f6-80a5de7b8892,Hermina,Lys,hlysht@ucsd.edu,3127 Kennedy Circle
2ccaef62-f78c-4eab-a341-dd4b4481ea13,Dex,Gillanders,dgillandershu@ehow.com,276 Victoria Place
f396b505-66b3-4de4-8193-8ac89b611a2b,Cam,Knightsbridge,cknightsbridgehv@wikia.com,3 Quincy Center
76f42005-c238-495b-854e-48d69f32c57e,Emiline,Filipponi,efilipponihw@people.com.cn,0 Corben Way
06f9836c-9385-4d43-8a83-d4145865fd3b,Pier,Kenvin,pkenvinhx@rediff.com,663 Steensland Circle
7ba760cf-7a94-414c-83c7-acc4035b5462,Baldwin,Delgaty,bdelgatyhy@ehow.com,55910 Calypso Alley
4f8ba6d9-f1a7-40f4-8b0b-7e6fff89a01d,Tybie,Rosenberg,trosenberghz@imageshack.us,2658 Lindbergh Hill
00eb3f67-d401-4541-b9f6-b936b383c5bb,Ingra,Corbert,icorberti0@simplemachines.org,06813 Sloan Way
c9d725ba-578e-4cb4-abb1-c65950169630,Zolly,Broodes,zbroodesi1@furl.net,2269 Ruskin Place
f9e7197d-2c89-483c-aeb6-13eb216decd9,Denney,Goold,dgooldi2@apache.org,50959 Pawling Center
17c3fcea-aed8-4165-a73c-e33adc03ce2c,Sheelagh,Gillivrie,sgillivriei3@cocolog-nifty.com,0028 Manufacturers Terrace
07104bc2-df59-4de7-a0c9-68589524098d,Matthieu,Riseborough,mriseboroughi4@angelfire.com,2 Swallow Place
6521369c-6843-4cab-b335-9ce2f9305647,Desiri,Elcott,delcotti5@fema.gov,06 Haas Circle
61167e60-57e6-43b8-a900-ab6a48d0b72c,Marylynne,Mattheissen,mmattheisseni6@gov.uk,124 Aberg Crossing
cb2d724a-2ea5-43b7-9198-8773b7b5524d,Boot,Kruse,bkrusei7@marriott.com,6 Armistice Point
a86557bd-874e-4435-ac28-931c6675d172,Francis,May,fmayi8@ehow.com,44497 Anhalt Terrace
93b13aa1-2226-4488-a774-7680a8cd9300,Anestassia,Gorcke,agorckei9@furl.net,846 Sage Drive
65923007-b61d-4c56-8bd8-0fee5a2cbded,Dido,Manthorpe,dmanthorpeia@ibm.com,82 Straubel Place
4888714a-b905-4683-94a3-529b521c5155,Lars,O' Byrne,lobyrneib@squarespace.com,935 Grayhawk Parkway
b767811f-d0fc-4ab3-8288-32be139fe389,Tuckie,Niblock,tniblockic@gravatar.com,1 Melvin Plaza
6b3c9512-55c5-4add-b225-097a3a3c3d8c,Della,Buckthorp,dbuckthorpid@xinhuanet.com,71 Kipling Street
87f786a5-3950-4404-96f7-5bd648fe7ccc,Berget,Cronshaw,bcronshawie@tamu.edu,38250 Monterey Parkway
86ee9d14-b252-4c6c-b186-043b5edc8b00,Elwin,Kerwick,ekerwickif@zdnet.com,184 Del Mar Road
fe577496-b86b-4609-8f73-2c152070596b,Saraann,Fidler,sfidlerig@census.gov,53715 Manufacturers Pass
939844bb-e655-4af9-a140-ac58ecc079f4,Anna-maria,Hickisson,ahickissonih@bing.com,05701 Kings Trail
2e5793c1-7c5c-4a6a-a6c2-4b7034de209b,Rhett,Duckerin,rduckerinii@wikimedia.org,29 Russell Point
c1c49b93-dc76-4f9f-9a0e-f5e4554738a0,Enrika,Matherson,emathersonij@goo.gl,712 Thackeray Terrace
b1280dfa-32cb-427b-80f0-4e8a49395d86,Bethany,Calloway,bcallowayik@unblog.fr,83 Myrtle Street
4c91a03f-3219-487f-ab88-40078c603f83,La verne,Milsap,lmilsapil@g.co,21 Bonner Court
fae028a0-1716-4ed2-a527-fd50f7563410,Tine,Dogg,tdoggim@digg.com,9 Huxley Center
60a1c665-a71f-4472-aaea-72de019719e0,Tommy,Neville,tnevillein@t.co,34885 Towne Street
d3cdfc2f-070b-4a62-ab30-4cc9c6515fe8,Erastus,Gavey,egaveyio@indiegogo.com,06841 Mockingbird Lane
de3293e3-a803-4848-9168-c3fc7d7f767f,Rosetta,Mold,rmoldip@addtoany.com,34 Graedel Crossing
6e029576-89ec-402f-b7bb-6a4f482b5ac1,Nada,O'Mohun,nomohuniq@mediafire.com,40581 Sachs Court
394d3a1c-ffc5-403a-8b3e-75d6d6bcaaeb,Becka,Reichhardt,breichhardtir@yelp.com,9 Jackson Hill
d4663d4f-3dc8-42be-91cc-172e8c4f8db9,Xena,Fawdery,xfawderyis@upenn.edu,9119 Golf Terrace
d05a4881-b4bd-492b-abee-db4ee5842504,Vally,Nacey,vnaceyit@bigcartel.com,9946 Welch Lane
60bfa67f-91db-40ff-8ffc-41da15c4026e,Corny,Valentelli,cvalentelliiu@utexas.edu,423 Pankratz Terrace
30bfb23a-eb85-4e71-9be4-ab696b75b681,Annamaria,Powner,apowneriv@hc360.com,25 Ryan Junction
af371ec0-888b-47c6-8bae-0eef13bc4384,Dmitri,Batalle,dbatalleiw@eepurl.com,8726 Clarendon Junction
c476160d-d7cf-46bd-82e6-07f2e2c8ec27,Genovera,Waryk,gwarykix@jimdo.com,80457 Magdeline Hill
cd1fc676-208a-48fb-b1bf-bdb2a05fa45f,Eilis,Ragbourne,eragbourneiy@craigslist.org,79 Maryland Center
0ccbb5a8-d415-443f-bbb8-ddee455514ae,Deane,Doerffer,ddoerfferiz@yelp.com,32 Utah Avenue
184b0637-e7ed-465b-8c72-39818f76a4b1,Colan,Crollman,ccrollmanj0@dropbox.com,51526 Green Ridge Point
c44981f3-6199-4119-8e42-4ec00d24380a,Madeline,Able,mablej1@google.com.br,43574 Columbus Lane
bcdc2bb9-9523-4e52-9f34-3d696be0a4e4,Ki,McLae,kmclaej2@ucoz.com,31 Stang Parkway
f3dc28e7-660d-4d4c-b165-0afb172c7505,Etan,McCallister,emccallisterj3@marketwatch.com,74220 Upham Place
6f9b2d2c-ce56-453d-8614-1b2e537df0e7,Leese,Stoney,lstoneyj4@washington.edu,734 Bluestem Park
1749a93e-fb39-4629-8c00-7517490d747f,Margareta,Juza,mjuzaj5@cargocollective.com,60321 Scofield Point
4dfdf7a5-0d5b-4dc9-84c9-30b8569d687f,Whittaker,Hanalan,whanalanj6@github.com,10 Kensington Park
d8985fb8-8733-47b2-a83d-d4a72d042a47,Tiffanie,Grimsell,tgrimsellj7@barnesandnoble.com,597 Sutteridge Place
ce707f7b-9831-49a0-96e6-a2bce17a24e0,Letta,Brayfield,lbrayfieldj8@google.nl,28 Monica Trail
e88a338d-1001-491a-9310-879d1b5faa1b,Florenza,Hunton,fhuntonj9@cam.ac.uk,693 Hallows Circle
e90b63d3-0fee-463f-9b3d-e5b45754f64c,Ingar,Goodburn,igoodburnja@mit.edu,3619 6th Street
eb042bf5-6570-4a8a-b9a6-849796ef3e1b,Benedetto,Siegertsz,bsiegertszjb@msu.edu,1498 Maple Wood Drive
db70f53f-7f6b-400c-8acd-6d97a6a779c7,Eberto,Jencken,ejenckenjc@wordpress.org,73 Jay Hill
564e7c20-645f-4c5c-8a94-9951502c9b8c,Lucius,Budcock,lbudcockjd@slideshare.net,9128 Harbort Road
fcbfe635-532f-4732-8df5-692db53758be,Robinet,Kull,rkullje@cam.ac.uk,1232 Manufacturers Drive
8c30ae02-0303-4976-bf9e-835d46b67e72,Ahmad,Siward,asiwardjf@mayoclinic.com,267 Acker Park
b647ca3b-302a-46dd-80ff-10b17c196685,Phyllis,Brotherhood,pbrotherhoodjg@about.com,45844 Scott Hill
156428bc-e51b-4b39-84ba-f9ece7001281,Quintilla,Seear,qseearjh@ihg.com,4 Darwin Trail
1128b534-a987-43ad-a96f-0c2ea22657a8,Pasquale,Duckhouse,pduckhouseji@opera.com,560 Dayton Street
52e9aaee-fcbb-4005-b843-abf83a01d539,Yoko,Molson,ymolsonjj@baidu.com,8247 Sycamore Pass
e5219da6-e7e7-4baa-a1ee-f62c514b73e3,Hedda,Woollons,hwoollonsjk@theguardian.com,42624 Mayfield Terrace
09f466fe-bfe6-4615-8b14-a90a6d244e52,Pippa,Hurch,phurchjl@wikia.com,0341 Morning Place
4144b417-fadb-413f-9a7f-578b892e6ce1,Anabella,Elcoat,aelcoatjm@google.com,78 Arrowood Center
0ae41422-feb2-46e3-811f-2cbe7aaaf41d,Cleve,Aronin,caroninjn@ibm.com,36 Barnett Trail
551f105c-9d0b-48d7-aeb3-fe7f16dbccd8,Kev,Skelding,kskeldingjo@geocities.jp,24 Colorado Center
8189539a-8e2f-4c8b-a8aa-570c9faf6666,Gipsy,Swatridge,gswatridgejp@drupal.org,5005 Sunnyside Road
0b7a0436-7db7-4ed0-9eca-df12fb17f720,Anetta,Thurlborn,athurlbornjq@creativecommons.org,775 Maywood Way
b1f11278-8bec-44fd-ae47-5b6b975f582f,Patience,Milton-White,pmiltonwhitejr@gmpg.org,3249 Anderson Point
d0b1f27c-c2e0-4508-8939-dfa59d54b1e7,Tedda,Maryin,tmaryinjs@geocities.com,67581 Carpenter Court
3c081589-425e-48b4-933e-166d513160de,Linn,Moralis,lmoralisjt@facebook.com,07908 Fair Oaks Plaza
754ff455-fef5-4ec3-9072-b0d354cfdf0f,Artur,Shopcott,ashopcottju@google.es,1 Golden Leaf Crossing
8b574483-6fda-4479-817c-c87bd3bf0f39,Elsinore,Vile,evilejv@geocities.jp,63 Riverside Center
c97f279b-43af-43b9-8f50-bc36a5e06df4,Latrena,Schultheiss,lschultheissjw@statcounter.com,6687 Sutteridge Crossing
0957f91f-2ec0-4e58-9a75-ef0a40fa52be,Sara,McAllan,smcallanjx@msu.edu,43 Crowley Avenue
f0e74a57-afc5-4de7-8aad-2ff9dd582866,Murray,Ferro,mferrojy@ehow.com,2552 Jenifer Lane
63802387-647c-4ef9-8ec2-d969eea9f455,Arlee,Ricciardelli,aricciardellijz@independent.co.uk,603 Dottie Point
6b455098-9552-476f-a716-b1f30e02dca3,Jorry,Marley,jmarleyk0@netscape.com,042 Banding Hill
fd9221d9-964c-4be6-8f4f-f9e5afb55850,Bryce,Karpol,bkarpolk1@xing.com,5 American Parkway
8ca1902c-72cb-4800-a017-d2077932831d,Guglielmo,Tricker,gtrickerk2@fda.gov,91 Vermont Crossing
5aed71d8-5746-4f2a-b30d-03b067304574,Tarrah,Itter,titterk3@usa.gov,64286 Pine View Pass
b161a6b6-40b0-41c8-92f3-e81c21f618b1,Jaymie,Neeves,jneevesk4@prnewswire.com,35 Algoma Park
9acb5efc-1ca7-4dd8-b730-96f95ae4b956,Herculie,Seel,hseelk5@hp.com,846 Loomis Lane
9ee7922c-ed44-4e9f-abda-cf7122e63bbb,Germayne,Kullmann,gkullmannk6@163.com,49 Mesta Terrace
05acf02e-2c56-4659-807f-e815e70bb389,Kirstyn,Tomaello,ktomaellok7@telegraph.co.uk,08387 Almo Court
8228e468-b71e-47a2-bcd6-790042ceb98f,Edward,Couronne,ecouronnek8@usnews.com,9 Marcy Junction
602df94e-846f-4020-a7e9-df412c05a2b5,Tori,Hughes,thughesk9@canalblog.com,7751 Center Alley
b3d8fe98-7131-4bf0-90ee-4d17d850f8a0,Sela,Cavendish,scavendishka@rediff.com,402 Rigney Plaza
53a168f5-d837-43e6-a88c-1712a1839bb3,Felic,Coxen,fcoxenkb@mozilla.com,67307 Fairview Crossing
4749df30-c4c5-47d6-b7de-a6599b2f4633,Gabriella,Minihan,gminihankc@dion.ne.jp,88 Northfield Crossing
eae2127e-cdce-4655-afff-b64b1a2c6bdb,Marna,Alwen,malwenkd@t.co,8 Vernon Way
c62130f0-775d-4807-ba6d-4f06008442a5,Jeniffer,Airs,jairske@microsoft.com,4 Claremont Place
79f674fc-7a11-42e4-9d79-08361fbaab31,Dolores,Ayrs,dayrskf@tinyurl.com,4 Meadow Ridge Avenue
03e53fbd-869f-48fc-8636-d8b2805aa576,Stevie,Sextone,ssextonekg@usa.gov,6 Main Road
4cb145a4-4582-40fe-a311-c59cd9c8dee9,Prent,Trematick,ptrematickkh@arizona.edu,79 Erie Road
0815634e-c00f-42d5-88ec-174e94570f7b,Gilli,Diboll,gdibollki@cafepress.com,70 Ilene Parkway
5f7f0f69-d757-4fb6-90a9-c0118a703450,Jacquelynn,Garbutt,jgarbuttkj@icq.com,71 Washington Plaza
bd82a15e-f095-4a6f-a76f-89bfcc460440,Gertrudis,Bucky,gbuckykk@taobao.com,49 Tennessee Plaza
cbc552c9-e9bb-41b1-bf54-9a07ac274e10,Che,Gelling,cgellingkl@dedecms.com,5 Hagan Park
02f8730d-9497-4b1f-a4c6-a1a5118cb87a,Armin,Perle,aperlekm@google.co.uk,755 Bunker Hill Way
0eaa3b78-ada5-4475-b95d-c10ff415ec03,Michale,Frank,mfrankkn@admin.ch,8 Macpherson Avenue
f2ec381e-1e20-4ba6-b95a-cef79712b14e,Netti,Aggiss,naggissko@myspace.com,7 Hanover Drive
2081b769-169c-4ca3-a5a4-e1d7587a431c,Yank,de Quesne,ydequesnekp@bigcartel.com,8 Arrowood Parkway
bbeddd52-3bbd-4e46-82fc-af395ac41a16,Marita,Browne,mbrownekq@shop-pro.jp,5 Milwaukee Park
71795283-c30e-48f9-9130-d101a607478f,Zared,Northidge,znorthidgekr@skype.com,9 Barnett Drive
9ea824c5-b06b-4cc6-afb0-8ffbdaa22e3b,Gabby,Marney,gmarneyks@nymag.com,7232 Hovde Center
a98c0c2f-6b4f-4931-93e2-74672c85724b,Xylia,Algeo,xalgeokt@seattletimes.com,7 Mifflin Lane
5b6132c6-ba20-405d-85b7-4c1dcfb80ba3,Layla,Sears,lsearsku@printfriendly.com,046 Homewood Road
c5504a53-2a73-4231-8360-17b763aa37c6,Emmeline,Summerskill,esummerskillkv@mtv.com,03 Golf View Point
942d97fd-615b-4570-8394-dc21a53cfcb2,Ricoriki,Insole,rinsolekw@techcrunch.com,23476 7th Center
843db190-1315-4d7d-b76e-a0bc1b75e907,Elliott,Clapham,eclaphamkx@mozilla.com,80 Orin Center
28721038-9639-4842-91f3-cbc333fd82ff,Tiebout,Shorter,tshorterky@spiegel.de,940 Rusk Street
64280fb9-a608-49cd-9b60-49555972cec3,Glenn,Rubinow,grubinowkz@t-online.de,222 Jana Crossing
b0a2b696-6c7a-4967-9ca1-8f38c572c3e0,Ailis,Willder,awillderl0@cargocollective.com,72 Gateway Street
f473b527-73c8-493d-a122-bc3e1c885f5f,Otes,Braybrook,obraybrookl1@boston.com,38 Manufacturers Point
2757684d-fc81-4fb7-85be-5f11e37cc8eb,Babb,Warner,bwarnerl2@histats.com,73 Fallview Place
4c01a544-7aab-431e-8f05-1e6f4ae33cde,Wally,Careless,wcarelessl3@hp.com,762 Stuart Terrace
a1f2207e-562a-41da-8a05-5b78ae517b29,Orel,Arlet,oarletl4@so-net.ne.jp,201 Ludington Way
0a2d2f4a-3d1b-4be1-936b-02a349168461,Esmeralda,Arnal,earnall5@vinaora.com,274 Pine View Junction
77008850-ef9f-4835-893f-287dc5b028b2,Agosto,Ebbitt,aebbittl6@nasa.gov,12 Fair Oaks Street
660771b7-54c0-4582-84cd-252cb18304c1,Tracey,Knibbs,tknibbsl7@trellian.com,0595 Corscot Junction
eece8389-f8cc-45bb-8d54-8d531c2a4ae0,Coraline,Cossey,ccosseyl8@state.tx.us,18101 Warner Crossing
e669b367-a2ac-4176-accc-f28686d912c8,Tobin,Goggin,tgogginl9@umn.edu,3 Sloan Lane
901643ce-c1da-4af1-83c6-59b784f2a0fb,Dalia,Nissle,dnisslela@istockphoto.com,4696 Sommers Street
eaffb1c1-ff84-414b-bbcc-0abdb39c7b79,Papageno,Aspinell,paspinelllb@imgur.com,9319 Commercial Court
325683de-3aec-4003-9ba0-6c55de47ca62,Shirline,Coldwell,scoldwelllc@oakley.com,4511 Oak Valley Drive
e8f131f2-057a-441e-becf-b649038da782,Maggee,Klimke,mklimkeld@boston.com,85 Erie Way
a4f6d634-577e-40ac-b5fb-988f5c8c7939,Sammy,Tuting,stutingle@nba.com,3302 Clove Place
bf80563a-4345-46b9-a78b-928512da82e1,Farrah,Gaffey,fgaffeylf@twitter.com,99896 Raven Trail
90365261-1911-4447-886e-4fb41670f422,Gerrie,Taree,gtareelg@imgur.com,782 Barby Hill
77a60c21-6a37-4cb6-9f0a-495a8ab67c05,Etienne,Grammer,egrammerlh@latimes.com,1881 South Pass
36b4f5b6-be29-465c-a0af-10d361607170,Even,Willetts,ewillettsli@stanford.edu,1 Badeau Place
940a0094-0150-498d-8bf4-1c35ff132213,Marcellus,McCroft,mmccroftlj@oracle.com,1 Meadow Ridge Junction
a9c64380-9b28-4f9c-a3f5-adfad12aecec,Constantia,Kochl,ckochllk@oracle.com,4 Hudson Circle
b0a8b8f2-c234-458c-82c8-5b8a03a8ba7c,Boyd,Holmyard,bholmyardll@adobe.com,0210 Mifflin Park
e29a8e55-c911-4738-893b-c28e18a87873,Godiva,Brewood,gbrewoodlm@reverbnation.com,2 Kipling Alley
19848b50-72ba-4386-8d29-0712c95fb452,Morgan,Griffen,mgriffenln@instagram.com,1 John Wall Trail
3a5f287c-e1b5-4119-a57e-dea5b1b836bb,Vivienne,Skeat,vskeatlo@creativecommons.org,37 Ridgeview Pass
cda17c89-fb1f-4416-8530-043e295f1ffb,Olivier,Riatt,oriattlp@cornell.edu,47 Oakridge Way
f47d2808-f46f-4457-9457-958005be9c31,Elliot,Sowley,esowleylq@tiny.cc,37891 Tennyson Street
42265773-7794-4f25-b14e-9f93df8084e0,Selig,Hasslocher,shasslocherlr@blogger.com,471 Browning Parkway
8a10b94d-6f67-4d6b-9e2c-6298a0128771,Kissiah,Fredi,kfredils@digg.com,6 Garrison Court
4aca42b6-d17c-4eff-8e0e-2c8f91f2cb40,Haslett,Taffarello,htaffarellolt@tiny.cc,6218 Sage Junction
e0a95764-b210-42f8-ae28-b77503e8114a,Emmalynn,Oehme,eoehmelu@tripadvisor.com,92 Manitowish Street
9e8c2305-00bf-457f-85dd-a6cb1110adc9,Karlis,Larrat,klarratlv@storify.com,8323 Bellgrove Center
c1778d68-772f-4cca-ad43-488588bad173,Charlean,Clutterbuck,cclutterbucklw@deviantart.com,60174 Valley Edge Avenue
7b304f81-b5b4-4514-af61-43ecf2900635,Joeann,Killimister,jkillimisterlx@arstechnica.com,7311 Anzinger Road
77cda1cf-5f89-4dbf-b084-38d5199a940c,Emeline,Scanlon,escanlonly@twitter.com,0086 Forest Dale Alley
9fdd49a1-4900-4b3f-8882-ad92cfd30e6b,Ardelle,Dibley,adibleylz@newyorker.com,875 Shopko Center
e2aac537-eaf2-49ed-b668-fca737855788,Kessia,Bhar,kbharm0@addthis.com,36417 Continental Circle
8542b10b-b57c-4ec2-b26b-1dc20328728a,Christi,Whyborne,cwhybornem1@cdc.gov,44 Briar Crest Avenue
a4794779-57b1-440f-9406-cc87b9fc7661,Ernie,Goldsworthy,egoldsworthym2@tumblr.com,11362 Cascade Trail
dd5c4384-1f1e-4941-999b-765cf8d5f7cf,Daniel,Vassay,dvassaym3@smh.com.au,6801 Redwing Alley
d86c6e26-d19d-4cd4-a43c-d2fc9695209c,Kylila,Lawranson,klawransonm4@harvard.edu,37740 Kensington Street
76cdbbd8-517a-4e26-8d37-29a449d4ecca,Kipper,Henrion,khenrionm5@51.la,696 Loomis Avenue
58139b1f-120a-4dea-9856-485e1befb1c2,Gabriel,Muckloe,gmuckloem6@purevolume.com,2 Orin Road
255620ae-0457-4781-9bba-d452d1a1a58c,Lorna,Maggi,lmaggim7@washingtonpost.com,49 Ronald Regan Street
3ad81c0a-2c01-4cc2-ada4-3beafedaa686,Ave,Ghent,aghentm8@va.gov,01854 Clove Alley
997ac722-8ef0-4b85-8579-cd9658d09b14,Stefan,Derby,sderbym9@pcworld.com,762 Thackeray Junction
6749ba06-83a9-4eec-a981-adc9a25aa197,Drake,Sylvester,dsylvesterma@narod.ru,5157 Clyde Gallagher Hill
603e65c1-b5d2-42e6-b43a-19f30b6caa51,Angil,Derisly,aderislymb@youtube.com,713 Almo Place
7557e92d-6540-4e76-a04d-f19d1c09d570,Desi,Bremley,dbremleymc@theatlantic.com,17272 Stang Pass
5d9bdb49-5e4f-40aa-bf2f-b6faaf29341e,Larry,Almack,lalmackmd@blogs.com,71956 Ilene Court
c5c33765-5260-4dd7-8655-4575f81518ef,Allegra,Woodbridge,awoodbridgeme@xrea.com,27 1st Crossing
2be23a21-dab3-40c4-b990-3002d1cdd590,Emera,Petschel,epetschelmf@weebly.com,3 Bunker Hill Street
9f29f807-da1a-4ae4-9b11-8549d9d2df03,Mara,Barcke,mbarckemg@state.gov,90989 Schurz Trail
c0bcf0a2-fbb3-4cef-baac-c5c908183e3d,Brana,Latty,blattymh@cbc.ca,85903 Erie Drive
dae4ae5f-adf3-4827-8372-d750e9b7d6dc,Darda,Hendonson,dhendonsonmi@blogger.com,7249 Surrey Circle
e5a0b9db-4527-49be-a571-8fc9138ca6a1,Willow,Ovington,wovingtonmj@prlog.org,67051 Chinook Avenue
268c3eec-1b21-4a80-87ad-980fa471afac,Igor,Jannaway,ijannawaymk@nymag.com,57 Sachs Pass
95d61546-677f-400d-8456-0cffb102b72e,Scarface,Mico,smicoml@instagram.com,19360 Sunnyside Drive
10dadfdc-4f67-4f8b-8777-5ec383c41671,Ryley,Swanton,rswantonmm@paypal.com,953 Westerfield Pass
9e987bd4-fcb3-4362-971c-ca3c6dd26e92,Judith,Rands,jrandsmn@ameblo.jp,5210 Kedzie Crossing
71ce1226-0afc-44e5-98fa-f82e1ffc3333,Silvio,Donaher,sdonahermo@pinterest.com,5 Lerdahl Avenue
fd092185-0657-487e-b6ad-f1985f32642d,Pier,Stukings,pstukingsmp@people.com.cn,14405 Pennsylvania Lane
317362b7-06e0-42b2-9c1e-934c22433798,Friederike,McKintosh,fmckintoshmq@4shared.com,6 Maywood Alley
4b3d424a-2bb8-4b1a-b525-0b35400c4de8,Maggi,Pardew,mpardewmr@scribd.com,73 Green Ridge Alley
296ae07d-e8b1-4d0e-9512-573189df9a73,Emery,Castellan,ecastellanms@ibm.com,453 Duke Alley
5d9992cc-f9d3-460c-aa7b-058092ec2ef2,Kayley,Twatt,ktwattmt@cyberchimps.com,993 Raven Court
97e54df2-fbec-403d-b84d-06186fae2415,Kimbell,Valti,kvaltimu@t-online.de,3426 Eliot Terrace
51379ba7-0418-44d8-beae-b93f6f31e9f0,Kailey,Stansall,kstansallmv@wired.com,7 Memorial Point
e46541a0-6837-4a3f-a97d-051bd33af04d,Angelica,Ricciardi,aricciardimw@live.com,992 Amoth Road
0652ab0b-fc2c-46d7-83f6-1fd4cd5d4fbe,Sheridan,Jaycox,sjaycoxmx@sphinn.com,63423 Stuart Place
10714a0f-3ed3-4ecf-8c7a-2b05497df7d3,Udall,Chesshyre,uchesshyremy@usda.gov,38175 Bunker Hill Pass
a4feb852-cb3f-44a7-acd7-60d91328c86a,Suzi,Vereker,sverekermz@bizjournals.com,696 Sloan Place
5ec6b089-b51a-4e74-844c-22e4ba77be6e,Cassi,Campion,ccampionn0@storify.com,4 Algoma Plaza
bf2cf8c0-4582-425e-9de2-7aeb4e2f3c5a,Rodie,Aitken,raitkenn1@mysql.com,8 Towne Junction
f8889722-4907-4bb0-a488-ea12c51501a3,Chickie,Fairham,cfairhamn2@plala.or.jp,5 Mcguire Place
54185e5b-a89e-4d6d-bb8d-df3388da22ab,Karylin,Whiley,kwhileyn3@imageshack.us,85 Dovetail Place
15720d1a-e9a9-4e0c-9e71-042d2d204043,Oswald,Allner,oallnern4@wikispaces.com,9 Shasta Hill
2973f4ff-7a8e-49cc-b0f6-34aa5272c182,Bill,Ick,bickn5@usatoday.com,9313 Portage Circle
95b03266-122f-4610-8c52-9c629162dbfd,Casar,Dorre,cdorren6@buzzfeed.com,94 Barby Lane
4da6897e-9402-4a8b-9cfa-eb065a5735ed,Carroll,Amery,cameryn7@purevolume.com,110 Barby Lane
75d1bbd5-99ac-461c-977b-74d80a50de1f,Broderic,Whitby,bwhitbyn8@loc.gov,3787 Westerfield Court
473f3900-a682-441d-b760-ade01a6a8f52,Gunter,Kingsnod,gkingsnodn9@devhub.com,836 Muir Lane
a4588446-435f-4172-8089-10ba7cc918c0,Jodie,Baccup,jbaccupna@nifty.com,1851 Esch Way
339a488c-bb3c-40ab-a9b9-d3de627c4d41,Thorvald,Rogers,trogersnb@washingtonpost.com,4004 Sundown Trail
e9e72614-602d-45fa-bbc4-baf7db706c03,Samson,Jandel,sjandelnc@webs.com,1774 Fairfield Point
386deb0c-39c8-4f7e-8258-07a4ac0a662e,Phedra,MacCosty,pmaccostynd@google.ru,396 Porter Pass
0e38a9ce-aa60-40a3-89e1-00537a6611fe,Rodolfo,Fergyson,rfergysonne@reddit.com,90 Larry Street
ab6ea3a8-b297-4d52-9fe6-0f416e447297,Bryce,Aiston,baistonnf@nymag.com,5367 Barby Crossing
5ac7eedf-c8f3-44e7-93fb-37a1c8f7c8ee,Vernor,Bolden,vboldenng@admin.ch,90888 Brentwood Alley
3b45af7b-4bb4-463c-ae0c-92d1dd37a766,Persis,Fanshawe,pfanshawenh@gnu.org,1 Chinook Place
903b40d8-dee2-424b-86be-01ab73c36ca6,Pansie,Pennings,ppenningsni@google.ru,9692 Farragut Hill
2d44d6e1-ddd8-453f-8e33-b5ba5c092ade,Janean,Heifer,jheifernj@ftc.gov,97 Fremont Street
3db2ff4d-aee0-492a-bc77-332fb23d0aca,Deborah,Blastock,dblastocknk@statcounter.com,4 Kipling Alley
f78012e0-f899-4d93-80f9-c1ffd162f82c,Karmen,McKeevers,kmckeeversnl@diigo.com,4 Pine View Drive
2f77ea30-c05c-43e6-b4b4-a73d4a28d009,Patrice,Lyster,plysternm@census.gov,29 Almo Parkway
a4f6c4c0-d249-425a-a658-79b68b0f9c46,Emelyne,Quayle,equaylenn@hud.gov,8513 Amoth Point
fb68f3f9-3ece-44ee-a330-fdca0e4573af,Erika,Nickless,enicklessno@netscape.com,661 Manley Circle
aab36dcb-a776-4eac-b6a8-71e73dc2129e,Frederick,Stoke,fstokenp@redcross.org,016 Huxley Trail
96b9bdd1-83a5-4fe2-bb97-f43a2a88afda,Rafi,Morigan,rmorigannq@businesswire.com,3 Bartillon Hill
a5c2abba-6d56-4425-be6b-208308c7d91c,Daloris,Nand,dnandnr@google.co.uk,9157 Michigan Road
da92db04-127e-4760-955c-6ef53ed91d49,Sayers,Pirri,spirrins@clickbank.net,36520 Caliangt Road
9f0f8e13-8e32-42a3-b228-4919122748ce,Blair,Puckinghorne,bpuckinghornent@sourceforge.net,1307 Hoepker Junction
7aba2cde-9541-4f29-acf8-4953e1cee495,Sibyl,Vanyutin,svanyutinnu@sfgate.com,97092 Dexter Circle
e615c90c-6d53-45c1-b6fc-25e1287d7b50,Konstanze,McConnachie,kmcconnachienv@ca.gov,027 Stephen Park
0ad6308a-2450-4de2-85b3-387ce19fa0d4,Lincoln,McGuiness,lmcguinessnw@creativecommons.org,891 Erie Point
6f1dd5f1-f783-4dac-bce9-c17d70e0a4b1,Alys,Landers,alandersnx@cnn.com,12733 Northfield Circle
9c0cfffb-2a8f-4f39-8c8f-929777fadad6,Brendin,Deeson,bdeesonny@aboutads.info,01720 Cambridge Avenue
cbe9e8ce-5edf-4c14-86b6-a1a5bfe6aeac,Lemmie,Gierardi,lgierardinz@myspace.com,83671 Stone Corner Drive
9689f8e8-6eb4-4797-94c1-671f550451f9,Sukey,Kille,skilleo0@is.gd,952 Sunnyside Street
e467e664-099f-4a90-8783-4541e8a4654f,Etan,MacNess,emacnesso1@yandex.ru,1 Sachs Hill
9e0648c9-97fb-4b08-a445-c7c036189d53,Nichols,Emnoney,nemnoneyo2@hostgator.com,6700 Roxbury Lane
5dcbdce8-c484-4053-9127-4727ed0cf262,Hansiain,Rasch,hrascho3@cbslocal.com,2810 Union Junction
f2861192-49c3-41c5-a334-672a06a19565,Eddie,Bradburn,ebradburno4@businessweek.com,88892 Lotheville Parkway
fa60af9f-6d13-4970-a0af-7a38801fcbc8,Reed,Janic,rjanico5@bravesites.com,26124 Carberry Avenue
0f42d3a5-5fe3-431f-bde7-e0d8bad6c2a2,Denise,Jessep,djessepo6@irs.gov,589 Golf View Point
69f610a5-15af-450d-a866-f836510473ae,Gina,Aimeric,gaimerico7@mtv.com,17 Grover Park
02afa333-08d8-4046-b919-399637790a21,Chelsae,Tallon,ctallono8@oaic.gov.au,3061 Riverside Park
fd658f8f-02fb-4746-8b86-03b9fcec66f8,Jard,Stapels,jstapelso9@mysql.com,284 Golf Course Place
2efcd3a9-2cef-4a95-b390-52e1f4f3c097,Junette,Shepard,jshepardoa@rakuten.co.jp,8 La Follette Way
df770ade-28bc-4401-aaf7-b92715b02ddb,Trixie,Dannett,tdannettob@rakuten.co.jp,8558 Meadow Ridge Center
595d44b1-67d5-4511-b8d3-800a50640ecd,Waneta,Prandin,wprandinoc@pagesperso-orange.fr,6 Vidon Terrace
58d077e1-9118-4d43-801b-62589ffc6a9b,Lemmy,Masi,lmasiod@e-recht24.de,7285 Northridge Drive
17d8051d-c402-4ac7-af3b-bfd01df88cba,Dew,Yemm,dyemmoe@storify.com,854 Ramsey Pass
512319dd-d752-468b-aa25-2e7a4dbdfd26,Gilburt,Tommasi,gtommasiof@icq.com,4084 Hayes Plaza
2730dcbc-d0d7-4aa4-80ff-a2fd37d281f9,Arch,Ottery,aotteryog@cbsnews.com,5012 Calypso Lane
07001850-0a57-4824-8ef8-a410d9b7000b,Gunther,Broszkiewicz,gbroszkiewiczoh@imdb.com,018 Clove Pass
f924a695-52ca-4bfc-81ac-6b66bd4b2157,Dayle,Filipiak,dfilipiakoi@umich.edu,67993 Lighthouse Bay Center
1525ce38-c91b-4cd9-960e-a9ab70a660e4,Kahlil,Swetman,kswetmanoj@wikia.com,0986 Vidon Park
5bfcd262-e07e-499f-bfcf-d2d8603b49a0,Hilton,Heikkinen,hheikkinenok@intel.com,7736 Ludington Junction
5e0252ff-05d8-4811-816c-72cf5ebfd4c8,Carmela,Coalburn,ccoalburnol@bandcamp.com,18 Rutledge Terrace
446e3b36-9b4e-4139-aa17-cb9eef8199cd,Phaidra,Jedrzej,pjedrzejom@yahoo.com,316 Blackbird Way
212d06a0-72b0-421b-b31b-27b3df03ac6d,Florri,Farrens,ffarrenson@barnesandnoble.com,5520 Shopko Junction
0d7e5ed4-c73d-430f-863b-d83f68ec9bc3,Marisa,Woollends,mwoollendsoo@europa.eu,97043 Helena Crossing
7063458b-cf44-4902-9bf9-30e7109baed0,Karola,Gumbley,kgumbleyop@storify.com,2 Green Trail
5e115117-a347-47d4-8f3a-98fd36f3608c,Gaynor,Andreev,gandreevoq@narod.ru,9204 Ohio Avenue
69505006-065b-4850-84bd-7cf44a097154,Elfreda,Baudouin,ebaudouinor@mtv.com,7 North Circle
ddfa293b-614d-4cf9-a098-bc6e00c3fa87,Enrico,Mitten,emittenos@scientificamerican.com,3 3rd Court
d0755b9d-6dbf-437c-86d5-c558d751ab63,Dorthea,McEnery,dmceneryot@delicious.com,46339 Moulton Point
1e322ca3-179c-44ec-8ab6-59f0371cd849,Matty,Woodnutt,mwoodnuttou@yelp.com,82 Almo Street
cf61c305-5aa4-43e5-91c8-db0e03060244,Wynnie,Habens,whabensov@microsoft.com,31 Fairview Court
08cea40a-3087-4d78-a34b-83947a3970c0,Rockwell,Phizakarley,rphizakarleyow@cnbc.com,6179 Merrick Place
a6c39719-3de6-4f9e-a5ee-7b9f77a1468d,Quincey,Reedick,qreedickox@google.nl,93 Green Ridge Circle
233be61d-8999-4d3a-91d2-f8b249461ae5,Judi,Dimmock,jdimmockoy@mozilla.org,7431 Bellgrove Avenue
5a4dd149-1431-4bd3-9b63-91256f48ef1d,Kass,Hulse,khulseoz@bandcamp.com,28203 Fair Oaks Road
59ad655b-4458-4062-b9bc-6964b24f8a48,Devondra,Bestall,dbestallp0@goo.gl,0 Crownhardt Road
35155039-c439-4555-8447-4d91305a244b,Shaylynn,Mouget,smougetp1@tamu.edu,7 Pankratz Way
3f065e1e-7066-4e86-81fb-9c4dc827c546,Hazel,Tolworthie,htolworthiep2@slideshare.net,553 Namekagon Court
cb8fd80c-1244-472a-8df6-f559de9fc52b,Kristi,Medina,kmedinap3@hostgator.com,6 Lakewood Terrace
7b3871bc-7bf2-4add-9c27-486228c7f001,Bradney,Tabard,btabardp4@biblegateway.com,5 Hooker Court
abb5d342-97ef-4fa6-830f-ad61bd1d7e37,Goraud,Barber,gbarberp5@sciencedaily.com,60687 Banding Junction
e919af40-d106-4bea-8d52-843e41489b1c,Minnaminnie,Pentecost,mpentecostp6@rambler.ru,75208 Loomis Plaza
0cd321f8-75fd-446c-aed8-76c044918ae8,Worthy,Hale,whalep7@loc.gov,3339 Hoepker Park
1f3cd2f0-22cf-404f-9be8-891c61fa25d2,Vally,Eisig,veisigp8@ycombinator.com,85 Ronald Regan Street
4ea98d11-7848-4ec8-bad9-5656b4732617,Alie,Newvill,anewvillp9@cargocollective.com,3729 Glendale Point
8602ad3e-39bc-4eb9-9f60-4e4140bc7f47,Gayel,Pittman,gpittmanpa@sakura.ne.jp,7764 Havey Terrace
1a92a7c4-0971-478a-bc60-ef981d6adbcc,Yoshiko,Golborne,ygolbornepb@sogou.com,55552 Paget Crossing
12f1206e-c31f-4f47-adb0-e9a715335997,Janine,McDyer,jmcdyerpc@eventbrite.com,83 Shopko Parkway
c7373e47-bf9d-4819-b682-0d6e64b3bf0f,Jackquelin,Matuszyk,jmatuszykpd@mac.com,32 Packers Park
c71ceb3c-d626-4e9c-b2ea-751745066088,Burtie,Brunelli,bbrunellipe@clickbank.net,383 Fieldstone Point
4d7d344b-a101-47ed-a969-7cfbeb48b16b,Powell,O'Fogerty,pofogertypf@globo.com,8499 Jenifer Way
8d3c9801-36a7-45e7-b6f9-486740907756,Phillip,Besset,pbessetpg@howstuffworks.com,74 Darwin Drive
ed9a0ef9-f2b8-4160-b408-075381b26993,Billie,Deere,bdeereph@state.gov,7 Bluejay Way
9aa8b8c2-e608-47f9-b015-6be4fadcf863,Darin,Goare,dgoarepi@list-manage.com,9883 Waxwing Alley
028658d9-5c01-41f5-9984-b74deaba14f8,Dael,O'Fogarty,dofogartypj@discovery.com,4 Maryland Junction
3471cb4a-9486-4d12-b0b1-eb8e80ecfaaa,Bree,Buttle,bbuttlepk@globo.com,11 Sherman Center
7ccbfa99-b3f5-4342-81ad-daa07693eee2,Iggy,Thor,ithorpl@parallels.com,1 Longview Hill
b2d99b97-5936-4877-90b2-06371518f145,Georgeanna,Dubbin,gdubbinpm@hud.gov,55355 Sugar Lane
6f12ad84-1548-493a-a7dc-4cd70f299e3d,Harvey,Siddell,hsiddellpn@buzzfeed.com,1719 Elmside Hill
b19c5013-0cca-4cf1-8e04-999ab99e561f,Cassi,Viant,cviantpo@ucoz.com,18 Saint Paul Trail
9cd615f0-de86-40e8-84b4-3e6b84efbf1f,Ban,McElroy,bmcelroypp@hc360.com,21 Lighthouse Bay Way
2d804ea3-1ae6-4ba5-ba7a-bf32b4329288,Deane,Hutchinges,dhutchingespq@webeden.co.uk,3642 Spenser Alley
7fad6caa-0b46-46b5-b3c4-6d7eed75bbe9,Hardy,Potten,hpottenpr@mlb.com,58 Waywood Plaza
891976a4-9d69-4415-95e6-b2cc83337dd6,Griselda,Blonfield,gblonfieldps@forbes.com,9083 Sheridan Circle
9b85ae7f-9cc0-49de-8cac-960d31ae5fb9,Kettie,Swinney,kswinneypt@sciencedaily.com,28475 Texas Street
bd927019-5c04-4023-afde-5373a8985ef9,Kirbie,Puden,kpudenpu@technorati.com,20753 Susan Crossing
3ba46a20-b821-4718-82a4-a6e5d8c5c0e3,Lorri,Issard,lissardpv@ebay.com,5 Charing Cross Way
1d728809-4147-4bf5-9826-d5ea3538d901,Torre,Lambert-Ciorwyn,tlambertciorwynpw@cloudflare.com,67933 Marcy Terrace
339d4477-d48c-4419-a72f-833f7dc0a4fb,Spense,Munnings,smunningspx@ocn.ne.jp,3383 Elgar Street
ac09c08c-36a0-41a2-8b25-afd0d599f456,Martynne,Sudy,msudypy@flickr.com,7 Michigan Court
b8a4f422-8c75-4779-88ef-ffe0f4a06584,Leshia,O'Fergus,loferguspz@salon.com,02994 Thierer Pass
d81d5d55-fb37-4c3c-95b8-576bd03d16bc,Carlin,Broggetti,cbroggettiq0@blogger.com,98 Talisman Court
50d5545b-9276-4d1e-9b08-c1951c9acbf2,Drugi,Ferrarini,dferrariniq1@msn.com,30287 Summer Ridge Lane
d5c4af7a-d8d7-4719-9b83-c48ac6cefee6,Nicola,Dagger,ndaggerq2@archive.org,8575 Straubel Parkway
afe24d17-d898-4d07-8d5c-7b994157e81d,Ivory,Brittles,ibrittlesq3@issuu.com,812 Dryden Street
a37ddc07-c81a-4dfc-986f-ff0cd6829f2b,Raddy,Trosdall,rtrosdallq4@uiuc.edu,82199 Elka Circle
31622621-37c2-482f-bac9-c27fa2203155,Korella,Duddin,kduddinq5@mashable.com,50242 West Court
0b75fa26-81d3-45c9-9cf6-f69228d53bee,Grete,Sains,gsainsq6@ezinearticles.com,19750 Morrow Junction
e343d597-91ce-46a7-a220-11ba91a78b81,Tamiko,Riddiford,triddifordq7@unblog.fr,6 Michigan Trail
eb61daa5-7d7d-4e85-8982-3ec5259f580c,Monro,Brandli,mbrandliq8@amazon.co.jp,481 7th Junction
a5b7b0ce-05e1-4304-ba1c-0ee97b7406aa,Sharleen,Lamberth,slamberthq9@gmpg.org,40641 Canary Court
84b0b92a-9c4a-4bcd-a822-d5f498011a11,Bale,Velareal,bvelarealqa@comsenz.com,29300 Butternut Point
54397288-c46f-4ef0-a5e0-7e304f1f90be,Mirilla,Yeulet,myeuletqb@un.org,82610 Trailsway Road
d0fcb715-ce2b-4a92-bc31-04e3c3a280ab,Vere,Gomer,vgomerqc@columbia.edu,86477 Lakewood Gardens Road
54a4cc5c-f27c-4211-b8ac-0fb3be4068ed,Imojean,Trasler,itraslerqd@dedecms.com,627 Sullivan Street
c6deb4ef-b759-4441-bbc9-4a5c82da6062,Shaina,Perrelle,sperrelleqe@home.pl,520 Memorial Avenue
9236ba95-dbcc-4508-aed5-741ce1887f8e,Dulsea,Bridge,dbridgeqf@spiegel.de,382 Bellgrove Park
fe1a24b1-2263-472b-98b1-84d934a5b847,Kipper,Barstow,kbarstowqg@imdb.com,354 Farragut Way
9bebacd9-88a7-4d68-aff7-82a1ad5a760a,Merola,Pieters,mpietersqh@oaic.gov.au,076 Randy Place
e29abc43-f48e-44b0-8afc-d48c35a19d6a,Hervey,Hindrick,hhindrickqi@dell.com,09898 Novick Avenue
769be2b0-1f04-4209-85b0-17edbb2a09f6,Reagen,Fryers,rfryersqj@cnet.com,613 Comanche Trail
a26c818d-7455-4ad6-9aaa-986ea45d5086,Grissel,Andryushin,gandryushinqk@usda.gov,1319 Melby Point
43c756e3-5c99-414c-8138-ba43f01e43b8,Sibella,Gebhard,sgebhardql@google.com.au,953 Lien Crossing
15fdf86c-f8c8-4c34-81cd-a92db291ebb0,Farlie,Premble,fprembleqm@tmall.com,96 Eliot Street
b00a003e-683b-4d8a-8c78-01ab35575416,Ivonne,Avramchik,iavramchikqn@ow.ly,6978 Shopko Road
78021b5f-e4a7-44e8-9b31-4efde6ff1299,Marlane,Heikkinen,mheikkinenqo@free.fr,4 Mandrake Court
67dc55aa-ba00-4c96-b692-7e1efa630250,Brig,Easdon,beasdonqp@xinhuanet.com,01560 Pennsylvania Terrace
3bb1ed03-b9e4-462f-902d-6343a2be7984,Arlana,Cluett,acluettqq@ca.gov,47766 Calypso Hill
cc567b6d-a475-47b2-9e41-22ea86cb6e69,Tammy,Rampage,trampageqr@redcross.org,0800 Katie Trail
0de45cf8-e64b-409e-a62e-ee49c7cd3a5e,Natalie,Paylor,npaylorqs@census.gov,3692 Artisan Road
fcc587ba-4df7-4f57-a0ba-36d4a499fec8,Dasya,Ludee,dludeeqt@studiopress.com,48977 Trailsway Crossing
bbe1a20b-b892-488c-ad71-5eef4dee434b,Ewan,Bennedick,ebennedickqu@gmpg.org,065 Harper Circle
c80cf826-f445-4d6c-9d1d-aff54d1d3bd7,Colby,Lavallin,clavallinqv@cloudflare.com,8891 Judy Parkway
a2e763de-f56e-4f74-89e0-890a13646020,Romain,Eyckelbeck,reyckelbeckqw@dot.gov,98386 Maryland Plaza
bfb0a226-7ae2-4ad5-bce2-6b672e610843,Monah,Kobsch,mkobschqx@phoca.cz,41 Farragut Road
ba18a2af-b17c-4b40-a45b-085d9f2af9f7,Chucho,Jewes,cjewesqy@house.gov,8 Farmco Court
d23a2a60-9184-455d-bff9-f5b6067303d5,Cordy,Forster,cforsterqz@ameblo.jp,44649 Moland Hill
2540dd1c-706d-4f94-8b50-366cde5bc4c1,Arlin,Pegler,apeglerr0@un.org,41490 Veith Avenue
d6685718-caa8-4f44-acd1-77ba39da69a4,Florri,Albasini,falbasinir1@smh.com.au,8645 Holy Cross Way
6ee16573-cb60-453e-bb1b-615d6927e78b,Margaret,McCracken,mmccrackenr2@soundcloud.com,67976 Di Loreto Road
f4cb7aea-a3a5-4060-8119-63883cb63469,Reggie,Wiggall,rwiggallr3@nasa.gov,572 Fisk Crossing
8c44e4cf-1a3a-4662-8455-d6574582850c,Fabien,Gingles,fginglesr4@constantcontact.com,6747 Express Avenue
aca83088-985d-420a-8352-e37e66c76d05,Jefferey,Pettipher,jpettipherr5@shareasale.com,4 Pepper Wood Street
fc57e944-f081-46cd-96ce-ec3eddb6684f,Ailyn,Ciepluch,aciepluchr6@networksolutions.com,320 Browning Court
e0ed0cad-e388-4e8e-96aa-85584265f625,Dede,Marshall,dmarshallr7@eventbrite.com,6 Mockingbird Street
f14c0b3c-a11f-4b56-9ff0-11921c30c03c,Beth,Barnwill,bbarnwillr8@dion.ne.jp,6464 6th Hill
a65bc1b7-067c-4f90-a2c7-26714f17ed35,Merle,Mullany,mmullanyr9@cornell.edu,0 Thierer Circle
1f370876-8895-4726-8594-2d448541c16b,Cati,Quadling,cquadlingra@rambler.ru,5517 East Place
cdf879e6-986e-473d-81e5-93e17e0aa62c,Charlotta,Gerish,cgerishrb@ucoz.com,41 Tomscot Road
835130dd-5a07-4794-9963-05dc26bde35f,Luise,McKellen,lmckellenrc@cnbc.com,51704 Stephen Street
80b98ab3-c650-4f9b-a688-25c48fd4129a,Alta,Harman,aharmanrd@bravesites.com,3087 Grayhawk Lane
a20c4d88-e597-4f93-bc62-6b4bc6f46a19,Gare,Conrad,gconradre@parallels.com,0 Hanover Alley
79f48382-99bd-4815-a5e1-67207b2d95e6,Archy,Bernardt,abernardtrf@wordpress.org,8 Autumn Leaf Alley
b0366e85-a6a9-4e71-9f75-16e256adbd04,Glenna,Renfrew,grenfrewrg@vkontakte.ru,304 Ridge Oak Junction
c09f5a57-e9bc-4ccc-ab5b-c5e74a28e824,Nannette,Hallam,nhallamrh@cyberchimps.com,138 Cambridge Plaza
c1e1a660-b18e-4d0c-960f-951187a97584,Betteann,O'Leary,bolearyri@nps.gov,310 Jana Terrace
05a3f657-cd14-4a45-b14d-49fd9bc12b6a,Julio,Dunthorn,jdunthornrj@paypal.com,8942 Grover Avenue
41bbab42-27f6-4fb3-baee-71e3887a2191,Llewellyn,Arpino,larpinork@chronoengine.com,061 Commercial Junction
1cfa504a-c4c7-4356-ad22-ece54c571b13,Alex,Lamcken,alamckenrl@miitbeian.gov.cn,6532 Walton Plaza
e2644b21-2f40-49e8-b6e0-1270f45dea85,Basil,de Vaen,bdevaenrm@paginegialle.it,860 Dixon Drive
75c838fd-45af-462f-be4e-7d17a3e15a9a,Worthy,Stollen,wstollenrn@biglobe.ne.jp,87 Upham Circle
cdfcc818-cac6-4220-abb2-1344c1c7a1f2,Tawnya,Lowes,tlowesro@google.nl,1584 Chinook Drive
6636f6f7-ee18-4561-b42e-970de2345847,Adrien,Petren,apetrenrp@mapy.cz,1001 2nd Avenue
c884caee-7549-4ffe-b8dd-9e5dfa1a4f70,Nadya,Le Floch,nleflochrq@ucoz.ru,999 Cascade Lane
d88a79ca-119d-4cfd-85d6-d0ff8026cbc7,Brody,Lewty,blewtyrr@xinhuanet.com,4717 2nd Avenue
